mp_label,meeting_decision_date,mp_start,mp_end,source_url,retrieved_at
1/2010,2010-01-14,2010-01-20,2010-02-09,https://www.ecb.europa.eu/press/pr/date/2009/html/pr090529.en.html,2026-10-08
2/2010,2010-02-04,2010-02-10,2010-03-09,https://www.ecb.europa.eu/press/pr/date/2009/html/pr090529.en.html,2026-10-08
3/2010,2010-03-04,2010-03-10,2010-04-13,https://www.ecb.europa.eu/press/pr/date/2009/html/pr090529.en.html,2026-10-08
4/2010,2010-04-08,2010-04-14,2010-05-11,https://www.ecb.europa.eu/press/pr/date/2009/html/pr090529.en.html,2026-10-08
5/2010,2010-05-06,2010-05-12,2010-06-15,https://www.ecb.europa.eu/press/pr/date/2009/html/pr090529.en.html,2026-10-08
6/2010,2010-06-10,2010-06-16,2010-07-13,https://www.ecb.europa.eu/press/pr/date/2009/html/pr090529.en.html,2026-10-08
7/2010,2010-07-08,2010-07-14,2010-08-10,https://www.ecb.europa.eu/press/pr/date/2009/html/pr090529.en.html,2026-10-08
8/2010,2010-08-05,2010-08-11,2010-09-07,https://www.ecb.europa.eu/press/pr/date/2009/html/pr090529.en.html,2026-10-08
9/2010,2010-09-02,2010-09-08,2010-10-12,https://www.ecb.europa.eu/press/pr/date/2009/html/pr090529.en.html,2026-10-08
10/2010,2010-10-07,2010-10-13,2010-11-09,https://www.ecb.europa.eu/press/pr/date/2009/html/pr090529.en.html,2026-10-08
11/2010,2010-11-04,2010-11-10,2010-12-07,https://www.ecb.europa.eu/press/pr/date/2009/html/pr090529.en.html,2026-10-08
12/2010,2010-12-02,2010-12-08,2011-01-18,https://www.ecb.europa.eu/press/pr/date/2009/html/pr090529.en.html,2026-10-08
1/2011,2011-01-13,2011-01-19,2011-02-08,https://www.ecb.europa.eu/press/pr/date/2009/html/pr090529.en.html,2026-10-08
2/2011,2011-02-03,2011-02-09,2011-03-08,https://www.ecb.europa.eu/press/pr/date/2009/html/pr090529.en.html,2026-10-08
3/2011,2011-03-03,2011-03-09,2011-04-12,https://www.ecb.europa.eu/press/pr/date/2009/html/pr090529.en.html,2026-10-08
4/2011,2011-04-07,2011-04-13,2011-05-10,https://www.ecb.europa.eu/press/pr/date/2009/html/pr090529.en.html,2026-10-08
5/2011,2011-05-05,2011-05-11,2011-06-14,https://www.ecb.europa.eu/press/pr/date/2009/html/pr090529.en.html,2026-10-08
6/2011,2011-06-09,2011-06-15,2011-07-12,https://www.ecb.europa.eu/press/pr/date/2009/html/pr090529.en.html,2026-10-08
7/2011,2011-07-07,2011-07-13,2011-08-09,https://www.ecb.europa.eu/press/pr/date/2009/html/pr090529.en.html,2026-10-08
8/2011,2011-08-04,2011-08-10,2011-09-13,https://www.ecb.europa.eu/press/pr/date/2009/html/pr090529.en.html,2026-10-08
9/2011,2011-09-08,2011-09-14,2011-10-11,https://www.ecb.europa.eu/press/pr/date/2009/html/pr090529.en.html,2026-10-08
10/2011,2011-10-06,2011-10-12,2011-11-08,https://www.ecb.europa.eu/press/pr/date/2009/html/pr090529.en.html,2026-10-08
11/2011,2011-11-03,2011-11-09,2011-12-13,https://www.ecb.europa.eu/press/pr/date/2009/html/pr090529.en.html,2026-10-08
12/2011,2011-12-08,2011-12-14,2012-01-17,https://www.ecb.europa.eu/press/pr/date/2009/html/pr090529.en.html,2026-10-08
1/2012,2012-01-12,2012-01-18,2012-02-14,https://www.ecb.europa.eu/press/pr/date/2011/html/pr110520.en.html,2026-10-08
2/2012,2012-02-09,2012-02-15,2012-03-13,https://www.ecb.europa.eu/press/pr/date/2011/html/pr110520.en.html,2026-10-08
3/2012,2012-03-08,2012-03-14,2012-04-10,https://www.ecb.europa.eu/press/pr/date/2011/html/pr110520.en.html,2026-10-08
4/2012,2012-04-04,2012-04-11,2012-05-08,https://www.ecb.europa.eu/press/pr/date/2011/html/pr110520.en.html,2026-10-08
5/2012,2012-05-03,2012-05-09,2012-06-12,https://www.ecb.europa.eu/press/pr/date/2011/html/pr110520.en.html,2026-10-08
6/2012,2012-06-06,2012-06-13,2012-07-10,https://www.ecb.europa.eu/press/pr/date/2011/html/pr110520.en.html,2026-10-08
7/2012,2012-07-05,2012-07-11,2012-08-07,https://www.ecb.europa.eu/press/pr/date/2011/html/pr110520.en.html,2026-10-08
8/2012,2012-08-02,2012-08-08,2012-09-11,https://www.ecb.europa.eu/press/pr/date/2011/html/pr110520.en.html,2026-10-08
9/2012,2012-09-06,2012-09-12,2012-10-09,https://www.ecb.europa.eu/press/pr/date/2011/html/pr110520.en.html,2026-10-08
10/2012,2012-10-04,2012-10-10,2012-11-13,https://www.ecb.europa.eu/press/pr/date/2011/html/pr110520.en.html,2026-10-08
11/2012,2012-11-08,2012-11-14,2012-12-11,https://www.ecb.europa.eu/press/pr/date/2011/html/pr110520.en.html,2026-10-08
12/2012,2012-12-06,2012-12-12,2013-01-15,https://www.ecb.europa.eu/press/pr/date/2011/html/pr110520.en.html,2026-10-08
1/2013,2013-01-10,2013-01-16,2013-02-12,https://www.ecb.europa.eu/press/pr/date/2011/html/pr110520.en.html,2026-10-08
2/2013,2013-02-07,2013-02-13,2013-03-12,https://www.ecb.europa.eu/press/pr/date/2011/html/pr110520.en.html,2026-10-08
3/2013,2013-03-07,2013-03-13,2013-04-09,https://www.ecb.europa.eu/press/pr/date/2011/html/pr110520.en.html,2026-10-08
4/2013,2013-04-04,2013-04-10,2013-05-07,https://www.ecb.europa.eu/press/pr/date/2011/html/pr110520.en.html,2026-10-08
5/2013,2013-05-02,2013-05-08,2013-06-11,https://www.ecb.europa.eu/press/pr/date/2011/html/pr110520.en.html,2026-10-08
6/2013,2013-06-06,2013-06-12,2013-07-09,https://www.ecb.europa.eu/press/pr/date/2011/html/pr110520.en.html,2026-10-08
7/2013,2013-07-04,2013-07-10,2013-08-06,https://www.ecb.europa.eu/press/pr/date/2011/html/pr110520.en.html,2026-10-08
8/2013,2013-08-01,2013-08-07,2013-09-10,https://www.ecb.europa.eu/press/pr/date/2011/html/pr110520.en.html,2026-10-08
9/2013,2013-09-05,2013-09-11,2013-10-08,https://www.ecb.europa.eu/press/pr/date/2011/html/pr110520.en.html,2026-10-08
10/2013,2013-10-02,2013-10-09,2013-11-12,https://www.ecb.europa.eu/press/pr/date/2011/html/pr110520.en.html,2026-10-08
11/2013,2013-11-07,2013-11-13,2013-12-10,https://www.ecb.europa.eu/press/pr/date/2011/html/pr110520.en.html,2026-10-08
12/2013,2013-12-05,2013-12-11,2014-01-14,https://www.ecb.europa.eu/press/pr/date/2011/html/pr110520.en.html,2026-10-08
1/2014,2014-01-09,2014-01-15,2014-02-11,https://www.ecb.europa.eu/press/pr/date/2013/html/pr130610.en.html,2026-10-08
2/2014,2014-02-06,2014-02-12,2014-03-11,https://www.ecb.europa.eu/press/pr/date/2013/html/pr130610.en.html,2026-10-08
3/2014,2014-03-06,2014-03-12,2014-04-08,https://www.ecb.europa.eu/press/pr/date/2013/html/pr130610.en.html,2026-10-08
4/2014,2014-04-03,2014-04-09,2014-05-13,https://www.ecb.europa.eu/press/pr/date/2013/html/pr130610.en.html,2026-10-08
5/2014,2014-05-08,2014-05-14,2014-06-10,https://www.ecb.europa.eu/press/pr/date/2013/html/pr130610.en.html,2026-10-08
6/2014,2014-06-05,2014-06-11,2014-07-08,https://www.ecb.europa.eu/press/pr/date/2013/html/pr130610.en.html,2026-10-08
7/2014,2014-07-03,2014-07-09,2014-08-12,https://www.ecb.europa.eu/press/pr/date/2013/html/pr130610.en.html,2026-10-08
8/2014,2014-08-07,2014-08-13,2014-09-09,https://www.ecb.europa.eu/press/pr/date/2013/html/pr130610.en.html,2026-10-08
9/2014,2014-09-04,2014-09-10,2014-10-07,https://www.ecb.europa.eu/press/pr/date/2013/html/pr130610.en.html,2026-10-08
10/2014,2014-10-02,2014-10-08,2014-11-11,https://www.ecb.europa.eu/press/pr/date/2013/html/pr130610.en.html,2026-10-08
11/2014,2014-11-06,2014-11-12,2014-12-09,https://www.ecb.europa.eu/press/pr/date/2013/html/pr130610.en.html,2026-10-08
12/2014,2014-12-04,2014-12-10,2015-01-27,https://www.ecb.europa.eu/press/pr/date/2014/html/pr140717_1.en.html,2026-10-08
1/2015,2015-01-22,2015-01-28,2015-03-10,https://www.ecb.europa.eu/press/pr/date/2014/html/pr140717_1.en.html,2026-10-08
2/2015,2015-03-05,2015-03-11,2015-04-21,https://www.ecb.europa.eu/press/pr/date/2014/html/pr140717_1.en.html,2026-10-08
3/2015,2015-04-15,2015-04-22,2015-06-09,https://www.ecb.europa.eu/press/pr/date/2014/html/pr140717_1.en.html,2026-10-08
4/2015,2015-06-03,2015-06-10,2015-07-21,https://www.ecb.europa.eu/press/pr/date/2014/html/pr140717_1.en.html,2026-10-08
5/2015,2015-07-16,2015-07-22,2015-09-08,https://www.ecb.europa.eu/press/pr/date/2014/html/pr140717_1.en.html,2026-10-08
6/2015,2015-09-03,2015-09-09,2015-10-27,https://www.ecb.europa.eu/press/pr/date/2014/html/pr140717_1.en.html,2026-10-08
7/2015,2015-10-22,2015-10-28,2015-12-08,https://www.ecb.europa.eu/press/pr/date/2014/html/pr140717_1.en.html,2026-10-08
8/2015,2015-12-03,2015-12-09,2016-01-26,https://www.ecb.europa.eu/press/pr/date/2014/html/pr140717_1.en.html,2026-10-08
1/2016,2016-01-21,2016-01-27,2016-03-15,https://www.ecb.europa.eu/press/pr/date/2015/html/pr150622.en.html,2026-10-08
2/2016,2016-03-10,2016-03-16,2016-04-26,https://www.ecb.europa.eu/press/pr/date/2015/html/pr150622.en.html,2026-10-08
3/2016,2016-04-21,2016-04-27,2016-06-07,https://www.ecb.europa.eu/press/pr/date/2015/html/pr150622.en.html,2026-10-08
4/2016,2016-06-02,2016-06-08,2016-07-26,https://www.ecb.europa.eu/press/pr/date/2015/html/pr150622.en.html,2026-10-08
5/2016,2016-07-21,2016-07-27,2016-09-13,https://www.ecb.europa.eu/press/pr/date/2015/html/pr150622.en.html,2026-10-08
6/2016,2016-09-08,2016-09-14,2016-10-25,https://www.ecb.europa.eu/press/pr/date/2015/html/pr150622.en.html,2026-10-08
7/2016,2016-10-20,2016-10-26,2016-12-13,https://www.ecb.europa.eu/press/pr/date/2015/html/pr150622.en.html,2026-10-08
8/2016,2016-12-08,2016-12-14,2017-01-24,https://www.ecb.europa.eu/press/pr/date/2015/html/pr150622.en.html,2026-10-08
1/2017,2017-01-19,2017-01-25,2017-03-14,https://www.ecb.europa.eu/press/pr/date/2016/html/pr160914.en.html,2026-10-08
2/2017,2017-03-09,2017-03-15,2017-05-02,https://www.ecb.europa.eu/press/pr/date/2016/html/pr160914.en.html,2026-10-08
3/2017,2017-04-27,2017-05-03,2017-06-13,https://www.ecb.europa.eu/press/pr/date/2016/html/pr160914.en.html,2026-10-08
4/2017,2017-06-08,2017-06-14,2017-07-25,https://www.ecb.europa.eu/press/pr/date/2016/html/pr160914.en.html,2026-10-08
5/2017,2017-07-20,2017-07-26,2017-09-12,https://www.ecb.europa.eu/press/pr/date/2016/html/pr160914.en.html,2026-10-08
6/2017,2017-09-07,2017-09-13,2017-10-31,https://www.ecb.europa.eu/press/pr/date/2016/html/pr160914.en.html,2026-10-08
7/2017,2017-10-26,2017-11-01,2017-12-19,https://www.ecb.europa.eu/press/pr/date/2016/html/pr160914.en.html,2026-10-08
8/2017,2017-12-14,2017-12-20,2018-01-30,https://www.ecb.europa.eu/press/pr/date/2016/html/pr160914.en.html,2026-10-08
1/2018,2018-01-25,2018-01-31,2018-03-13,https://www.ecb.europa.eu/press/pr/date/2016/html/pr160914.en.html,2026-10-08
2/2018,2018-03-08,2018-03-14,2018-05-02,https://www.ecb.europa.eu/press/pr/date/2016/html/pr160914.en.html,2026-10-08
3/2018,2018-04-26,2018-05-03,2018-06-19,https://www.ecb.europa.eu/press/pr/date/2016/html/pr160914.en.html,2026-10-08
4/2018,2018-06-14,2018-06-20,2018-07-31,https://www.ecb.europa.eu/press/pr/date/2016/html/pr160914.en.html,2026-10-08
5/2018,2018-07-26,2018-08-01,2018-09-18,https://www.ecb.europa.eu/press/pr/date/2016/html/pr160914.en.html,2026-10-08
6/2018,2018-09-13,2018-09-19,2018-10-30,https://www.ecb.europa.eu/press/pr/date/2016/html/pr160914.en.html,2026-10-08
7/2018,2018-10-25,2018-10-31,2018-12-18,https://www.ecb.europa.eu/press/pr/date/2016/html/pr160914.en.html,2026-10-08
8/2018,2018-12-13,2018-12-19,2019-01-29,https://www.ecb.europa.eu/press/pr/date/2016/html/pr160914.en.html,2026-10-08
1/2019,2019-01-24,2019-01-30,2019-03-12,https://www.ecb.europa.eu/press/pr/date/2018/html/ecb.pr180711.en.html,2026-10-08
2/2019,2019-03-07,2019-03-13,2019-04-16,https://www.ecb.europa.eu/press/pr/date/2018/html/ecb.pr180711.en.html,2026-10-08
3/2019,2019-04-10,2019-04-17,2019-06-11,https://www.ecb.europa.eu/press/pr/date/2018/html/ecb.pr180711.en.html,2026-10-08
4/2019,2019-06-06,2019-06-12,2019-07-30,https://www.ecb.europa.eu/press/pr/date/2018/html/ecb.pr180711.en.html,2026-10-08
5/2019,2019-07-25,2019-07-31,2019-09-17,https://www.ecb.europa.eu/press/pr/date/2018/html/ecb.pr180711.en.html,2026-10-08
6/2019,2019-09-12,2019-09-18,2019-10-29,https://www.ecb.europa.eu/press/pr/date/2018/html/ecb.pr180711.en.html,2026-10-08
7/2019,2019-10-24,2019-10-30,2019-12-17,https://www.ecb.europa.eu/press/pr/date/2018/html/ecb.pr180711.en.html,2026-10-08
8/2019,2019-12-12,2019-12-18,2020-01-28,https://www.ecb.europa.eu/press/pr/date/2018/html/ecb.pr180711.en.html,2026-10-08
1/2020,2020-01-23,2020-01-29,2020-03-17,https://www.ecb.europa.eu/press/pr/date/2019/html/ecb.pr190809~2d8ae717fa.en.html,2026-10-08
2/2020,2020-03-12,2020-03-18,2020-05-05,https://www.ecb.europa.eu/press/pr/date/2019/html/ecb.pr190809~2d8ae717fa.en.html,2026-10-08
3/2020,2020-04-30,2020-05-06,2020-06-09,https://www.ecb.europa.eu/press/pr/date/2019/html/ecb.pr190809~2d8ae717fa.en.html,2026-10-08
4/2020,2020-06-04,2020-06-10,2020-07-21,https://www.ecb.europa.eu/press/pr/date/2019/html/ecb.pr190809~2d8ae717fa.en.html,2026-10-08
5/2020,2020-07-16,2020-07-22,2020-09-15,https://www.ecb.europa.eu/press/pr/date/2019/html/ecb.pr190809~2d8ae717fa.en.html,2026-10-08
6/2020,2020-09-10,2020-09-16,2020-11-03,https://www.ecb.europa.eu/press/pr/date/2019/html/ecb.pr190809~2d8ae717fa.en.html,2026-10-08
7/2020,2020-10-29,2020-11-04,2020-12-15,https://www.ecb.europa.eu/press/pr/date/2019/html/ecb.pr190809~2d8ae717fa.en.html,2026-10-08
8/2020,2020-12-10,2020-12-16,2021-01-26,https://www.ecb.europa.eu/press/pr/date/2019/html/ecb.pr190809~2d8ae717fa.en.html,2026-10-08
1/2021,2021-01-21,2021-01-27,2021-03-16,https://www.ecb.europa.eu/press/pr/date/2020/html/ecb.pr200610_1~caa2fc0a02.en.html,2026-10-08
2/2021,2021-03-11,2021-03-17,2021-04-27,https://www.ecb.europa.eu/press/pr/date/2020/html/ecb.pr200610_1~caa2fc0a02.en.html,2026-10-08
3/2021,2021-04-22,2021-04-28,2021-06-15,https://www.ecb.europa.eu/press/pr/date/2020/html/ecb.pr200610_1~caa2fc0a02.en.html,2026-10-08
4/2021,2021-06-10,2021-06-16,2021-07-27,https://www.ecb.europa.eu/press/pr/date/2020/html/ecb.pr200610_1~caa2fc0a02.en.html,2026-10-08
5/2021,2021-07-22,2021-07-28,2021-09-14,https://www.ecb.europa.eu/press/pr/date/2020/html/ecb.pr200610_1~caa2fc0a02.en.html,2026-10-08
6/2021,2021-09-09,2021-09-15,2021-11-02,https://www.ecb.europa.eu/press/pr/date/2020/html/ecb.pr200610_1~caa2fc0a02.en.html,2026-10-08
7/2021,2021-10-28,2021-11-03,2021-12-21,https://www.ecb.europa.eu/press/pr/date/2020/html/ecb.pr200610_1~caa2fc0a02.en.html,2026-10-08
8/2021,2021-12-16,2021-12-22,2022-02-08,https://www.ecb.europa.eu/press/pr/date/2021/html/ecb.pr210723_2~239a7dab27.en.html,2026-10-08
1/2022,2022-02-03,2022-02-09,2022-03-15,https://www.ecb.europa.eu/press/pr/date/2021/html/ecb.pr210723_2~239a7dab27.en.html,2026-10-08
2/2022,2022-03-10,2022-03-16,2022-04-19,https://www.ecb.europa.eu/press/pr/date/2021/html/ecb.pr210723_2~239a7dab27.en.html,2026-10-08
3/2022,2022-04-14,2022-04-20,2022-06-14,https://www.ecb.europa.eu/press/pr/date/2021/html/ecb.pr210723_2~239a7dab27.en.html,2026-10-08
4/2022,2022-06-09,2022-06-15,2022-07-26,https://www.ecb.europa.eu/press/pr/date/2021/html/ecb.pr210723_2~239a7dab27.en.html,2026-10-08
5/2022,2022-07-21,2022-07-27,2022-09-13,https://www.ecb.europa.eu/press/pr/date/2021/html/ecb.pr210723_2~239a7dab27.en.html,2026-10-08
6/2022,2022-09-08,2022-09-14,2022-11-01,https://www.ecb.europa.eu/press/pr/date/2021/html/ecb.pr210723_2~239a7dab27.en.html,2026-10-08
7/2022,2022-10-27,2022-11-02,2022-12-20,https://www.ecb.europa.eu/press/pr/date/2021/html/ecb.pr210723_2~239a7dab27.en.html,2026-10-08
8/2022,2022-12-15,2022-12-21,2023-02-07,https://www.ecb.europa.eu/press/pr/date/2022/html/ecb.pr220718~d71242334a.en.html,2026-10-08
1/2023,2023-02-02,2023-02-08,2023-03-21,https://www.ecb.europa.eu/press/pr/date/2022/html/ecb.pr220718~d71242334a.en.html,2026-10-08
2/2023,2023-03-16,2023-03-22,2023-05-09,https://www.ecb.europa.eu/press/pr/date/2022/html/ecb.pr220718~d71242334a.en.html,2026-10-08
3/2023,2023-05-04,2023-05-10,2023-06-20,https://www.ecb.europa.eu/press/pr/date/2022/html/ecb.pr220718~d71242334a.en.html,2026-10-08
4/2023,2023-06-15,2023-06-21,2023-08-01,https://www.ecb.europa.eu/press/pr/date/2022/html/ecb.pr220718~d71242334a.en.html,2026-10-08
5/2023,2023-07-27,2023-08-02,2023-09-19,https://www.ecb.europa.eu/press/pr/date/2022/html/ecb.pr220718~d71242334a.en.html,2026-10-08
6/2023,2023-09-14,2023-09-20,2023-10-31,https://www.ecb.europa.eu/press/pr/date/2022/html/ecb.pr220718~d71242334a.en.html,2026-10-08
7/2023,2023-10-26,2023-11-01,2023-12-19,https://www.ecb.europa.eu/press/pr/date/2022/html/ecb.pr220718~d71242334a.en.html,2026-10-08
8/2023,2023-12-14,2023-12-20,2024-01-30,https://www.ecb.europa.eu/press/pr/date/2023/html/ecb.pr230915~1f29267423.en.html,2026-10-08
1/2024,2024-01-25,2024-01-31,2024-03-12,https://www.ecb.europa.eu/press/pr/date/2023/html/ecb.pr230915~1f29267423.en.html,2026-10-08
2/2024,2024-03-07,2024-03-13,2024-04-16,https://www.ecb.europa.eu/press/pr/date/2023/html/ecb.pr230915~1f29267423.en.html,2026-10-08
3/2024,2024-04-11,2024-04-17,2024-06-11,https://www.ecb.europa.eu/press/pr/date/2023/html/ecb.pr230915~1f29267423.en.html,2026-10-08
4/2024,2024-06-06,2024-06-12,2024-07-23,https://www.ecb.europa.eu/press/pr/date/2023/html/ecb.pr230915~1f29267423.en.html,2026-10-08
5/2024,2024-07-18,2024-07-24,2024-09-17,https://www.ecb.europa.eu/press/pr/date/2023/html/ecb.pr230915~1f29267423.en.html,2026-10-08
6/2024,2024-09-12,2024-09-18,2024-10-22,https://www.ecb.europa.eu/press/pr/date/2023/html/ecb.pr230915~1f29267423.en.html,2026-10-08
7/2024,2024-10-17,2024-10-23,2024-12-17,https://www.ecb.europa.eu/press/pr/date/2023/html/ecb.pr230915~1f29267423.en.html,2026-10-08
8/2024,2024-12-12,2024-12-18,2025-02-04,https://www.ecb.europa.eu/press/pr/date/2024/html/ecb.pr240719_1~1ce84f741b.en.html,2026-10-08
1/2025,2025-01-30,2025-02-05,2025-03-11,https://www.ecb.europa.eu/press/pr/date/2024/html/ecb.pr240719_1~1ce84f741b.en.html,2026-10-08
2/2025,2025-03-06,2025-03-12,2025-04-22,https://www.ecb.europa.eu/press/pr/date/2024/html/ecb.pr240719_1~1ce84f741b.en.html,2026-10-08
3/2025,2025-04-17,2025-04-23,2025-06-10,https://www.ecb.europa.eu/press/pr/date/2024/html/ecb.pr240719_1~1ce84f741b.en.html,2026-10-08
4/2025,2025-06-05,2025-06-11,2025-07-29,https://www.ecb.europa.eu/press/pr/date/2024/html/ecb.pr240719_1~1ce84f741b.en.html,2026-10-08
5/2025,2025-07-24,2025-07-30,2025-09-16,https://www.ecb.europa.eu/press/pr/date/2024/html/ecb.pr240719_1~1ce84f741b.en.html,2026-10-08
6/2025,2025-09-11,2025-09-17,2025-11-04,https://www.ecb.europa.eu/press/pr/date/2024/html/ecb.pr240719_1~1ce84f741b.en.html,2026-10-08
7/2025,2025-10-30,2025-11-05,2025-12-22,https://www.ecb.europa.eu/press/pr/date/2024/html/ecb.pr240719_1~1ce84f741b.en.html,2026-10-08
8/2025,2025-12-18,2025-12-23,2026-02-10,https://www.ecb.europa.eu/press/pr/date/2025/html/ecb.pr250424~2643533670.en.html,2026-10-08
1/2026,2026-02-05,2026-02-11,2026-03-24,https://www.ecb.europa.eu/press/pr/date/2025/html/ecb.pr250424~2643533670.en.html,2026-10-08
2/2026,2026-03-19,2026-03-25,2026-05-05,https://www.ecb.europa.eu/press/pr/date/2025/html/ecb.pr250424~2643533670.en.html,2026-10-08
3/2026,2026-04-30,2026-05-06,2026-06-16,https://www.ecb.europa.eu/press/pr/date/2025/html/ecb.pr250424~2643533670.en.html,2026-10-08
4/2026,2026-06-11,2026-06-17,2026-07-28,https://www.ecb.europa.eu/press/pr/date/2025/html/ecb.pr250424~2643533670.en.html,2026-10-08
5/2026,2026-07-23,2026-07-29,2026-09-15,https://www.ecb.europa.eu/press/pr/date/2025/html/ecb.pr250424~2643533670.en.html,2026-10-08
6/2026,2026-09-10,2026-09-16,2026-11-03,https://www.ecb.europa.eu/press/pr/date/2025/html/ecb.pr250424~2643533670.en.html,2026-10-08
7/2026,2026-10-29,2026-11-04,2026-12-22,https://www.ecb.europa.eu/press/pr/date/2025/html/ecb.pr250424~2643533670.en.html,2026-10-08
8/2026,2026-12-17,2026-12-23,2027-02-09,https://www.ecb.europa.eu/press/pr/date/2026/html/ecb.pr260630~9f54a0a4fb.en.html,2026-10-08
1/2027,2027-02-04,2027-02-10,2027-03-23,https://www.ecb.europa.eu/press/pr/date/2026/html/ecb.pr260630~9f54a0a4fb.en.html,2026-10-08
2/2027,2027-03-18,2027-03-24,2027-05-05,https://www.ecb.europa.eu/press/pr/date/2026/html/ecb.pr260630~9f54a0a4fb.en.html,2026-10-08
3/2027,2027-04-29,2027-05-06,2027-06-15,https://www.ecb.europa.eu/press/pr/date/2026/html/ecb.pr260630~9f54a0a4fb.en.html,2026-10-08
4/2027,2027-06-10,2027-06-16,2027-07-27,https://www.ecb.europa.eu/press/pr/date/2026/html/ecb.pr260630~9f54a0a4fb.en.html,2026-10-08
5/2027,2027-07-22,2027-07-28,2027-09-14,https://www.ecb.europa.eu/press/pr/date/2026/html/ecb.pr260630~9f54a0a4fb.en.html,2026-10-08
6/2027,2027-09-09,2027-09-15,2027-11-02,https://www.ecb.europa.eu/press/pr/date/2026/html/ecb.pr260630~9f54a0a4fb.en.html,2026-10-08
7/2027,2027-10-28,2027-11-03,2027-12-21,https://www.ecb.europa.eu/press/pr/date/2026/html/ecb.pr260630~9f54a0a4fb.en.html,2026-10-08
8/2027,2027-12-16,2027-12-22,2028-02-08,https://www.ecb.europa.eu/press/pr/date/2026/html/ecb.pr260630~9f54a0a4fb.en.html,2026-10-08
