date,name,calendar,source
2005-01-03,New Year's Day,uk,rule
2005-03-25,Good Friday,uk,rule
2005-03-28,Easter Monday,uk,rule
2005-05-02,Early May bank holiday,uk,rule
2005-05-30,Spring bank holiday,uk,rule
2005-08-29,Summer bank holiday,uk,rule
2005-12-26,Boxing Day,uk,rule
2005-12-27,Christmas Day (substitute),uk,rule
2006-01-02,New Year's Day,uk,rule
2006-04-14,Good Friday,uk,rule
2006-04-17,Easter Monday,uk,rule
2006-05-01,Early May bank holiday,uk,rule
2006-05-29,Spring bank holiday,uk,rule
2006-08-28,Summer bank holiday,uk,rule
2006-12-25,Christmas Day,uk,rule
2006-12-26,Boxing Day,uk,rule
2007-01-01,New Year's Day,uk,rule
2007-04-06,Good Friday,uk,rule
2007-04-09,Easter Monday,uk,rule
2007-05-07,Early May bank holiday,uk,rule
2007-05-28,Spring bank holiday,uk,rule
2007-08-27,Summer bank holiday,uk,rule
2007-12-25,Christmas Day,uk,rule
2007-12-26,Boxing Day,uk,rule
2008-01-01,New Year's Day,uk,rule
2008-03-21,Good Friday,uk,rule
2008-03-24,Easter Monday,uk,rule
2008-05-05,Early May bank holiday,uk,rule
2008-05-26,Spring bank holiday,uk,rule
2008-08-25,Summer bank holiday,uk,rule
2008-12-25,Christmas Day,uk,rule
2008-12-26,Boxing Day,uk,rule
2009-01-01,New Year's Day,uk,rule
2009-04-10,Good Friday,uk,rule
2009-04-13,Easter Monday,uk,rule
2009-05-04,Early May bank holiday,uk,rule
2009-05-25,Spring bank holiday,uk,rule
2009-08-31,Summer bank holiday,uk,rule
2009-12-25,Christmas Day,uk,rule
2009-12-28,Boxing Day (substitute),uk,rule
2010-01-01,New Year's Day,uk,rule
2010-04-02,Good Friday,uk,rule
2010-04-05,Easter Monday,uk,rule
2010-05-03,Early May bank holiday,uk,rule
2010-05-31,Spring bank holiday,uk,rule
2010-08-30,Summer bank holiday,uk,rule
2010-12-27,Christmas Day (substitute),uk,rule
2010-12-28,Boxing Day (substitute),uk,rule
2011-01-03,New Year's Day,uk,rule
2011-04-22,Good Friday,uk,rule
2011-04-25,Easter Monday,uk,rule
2011-04-29,Royal Wedding,uk,rule
2011-05-02,Early May bank holiday,uk,rule
2011-05-30,Spring bank holiday,uk,rule
2011-08-29,Summer bank holiday,uk,rule
2011-12-26,Boxing Day,uk,rule
2011-12-27,Christmas Day (substitute),uk,rule
2012-01-02,New Year's Day,uk,rule
2012-04-06,Good Friday,uk,rule
2012-04-09,Easter Monday,uk,rule
2012-05-07,Early May bank holiday,uk,rule
2012-06-04,Spring bank holiday,uk,rule
2012-06-05,Diamond Jubilee bank holiday,uk,rule
2012-08-27,Summer bank holiday,uk,rule
2012-12-25,Christmas Day,uk,rule
2012-12-26,Boxing Day,uk,rule
2013-01-01,New Year's Day,uk,rule
2013-03-29,Good Friday,uk,rule
2013-04-01,Easter Monday,uk,rule
2013-05-06,Early May bank holiday,uk,rule
2013-05-27,Spring bank holiday,uk,rule
2013-08-26,Summer bank holiday,uk,rule
2013-12-25,Christmas Day,uk,rule
2013-12-26,Boxing Day,uk,rule
2014-01-01,New Year's Day,uk,rule
2014-04-18,Good Friday,uk,rule
2014-04-21,Easter Monday,uk,rule
2014-05-05,Early May bank holiday,uk,rule
2014-05-26,Spring bank holiday,uk,rule
2014-08-25,Summer bank holiday,uk,rule
2014-12-25,Christmas Day,uk,rule
2014-12-26,Boxing Day,uk,rule
2015-01-01,New Year's Day,uk,rule
2015-04-03,Good Friday,uk,rule
2015-04-06,Easter Monday,uk,rule
2015-05-04,Early May bank holiday,uk,rule
2015-05-25,Spring bank holiday,uk,rule
2015-08-31,Summer bank holiday,uk,rule
2015-12-25,Christmas Day,uk,rule
2015-12-28,Boxing Day (substitute),uk,rule
2016-01-01,New Year's Day,uk,rule
2016-03-25,Good Friday,uk,rule
2016-03-28,Easter Monday,uk,rule
2016-05-02,Early May bank holiday,uk,rule
2016-05-30,Spring bank holiday,uk,rule
2016-08-29,Summer bank holiday,uk,rule
2016-12-26,Boxing Day,uk,rule
2016-12-27,Christmas Day (substitute),uk,rule
2017-01-02,New Year's Day,uk,rule
2017-04-14,Good Friday,uk,rule
2017-04-17,Easter Monday,uk,rule
2017-05-01,Early May bank holiday,uk,rule
2017-05-29,Spring bank holiday,uk,rule
2017-08-28,Summer bank holiday,uk,rule
2017-12-25,Christmas Day,uk,rule
2017-12-26,Boxing Day,uk,rule
2018-01-01,New Year's Day,uk,rule
2018-03-30,Good Friday,uk,rule
2018-04-02,Easter Monday,uk,rule
2018-05-07,Early May bank holiday,uk,rule
2018-05-28,Spring bank holiday,uk,rule
2018-08-27,Summer bank holiday,uk,rule
2018-12-25,Christmas Day,uk,rule
2018-12-26,Boxing Day,uk,rule
2019-01-01,New Year's Day,uk,rule
2019-04-19,Good Friday,uk,rule
2019-04-22,Easter Monday,uk,rule
2019-05-06,Early May bank holiday,uk,rule
2019-05-27,Spring bank holiday,uk,rule
2019-08-26,Summer bank holiday,uk,rule
2019-12-25,Christmas Day,uk,rule
2019-12-26,Boxing Day,uk,rule
2020-01-01,New Year's Day,uk,rule
2020-04-10,Good Friday,uk,rule
2020-04-13,Easter Monday,uk,rule
2020-05-08,Early May bank holiday (VE Day),uk,rule
2020-05-25,Spring bank holiday,uk,rule
2020-08-31,Summer bank holiday,uk,rule
2020-12-25,Christmas Day,uk,rule
2020-12-28,Boxing Day (substitute),uk,rule
2021-01-01,New Year's Day,uk,rule
2021-04-02,Good Friday,uk,rule
2021-04-05,Easter Monday,uk,rule
2021-05-03,Early May bank holiday,uk,rule
2021-05-31,Spring bank holiday,uk,rule
2021-08-30,Summer bank holiday,uk,rule
2021-12-27,Christmas Day (substitute),uk,rule
2021-12-28,Boxing Day (substitute),uk,rule
2022-01-03,New Year's Day,uk,rule
2022-04-15,Good Friday,uk,rule
2022-04-18,Easter Monday,uk,rule
2022-05-02,Early May bank holiday,uk,rule
2022-06-02,Spring bank holiday,uk,rule
2022-06-03,Platinum Jubilee bank holiday,uk,rule
2022-08-29,Summer bank holiday,uk,rule
2022-09-19,State Funeral of Queen Elizabeth II,uk,rule
2022-12-26,Boxing Day,uk,rule
2022-12-27,Christmas Day (substitute),uk,rule
2023-01-02,New Year's Day,uk,rule
2023-04-07,Good Friday,uk,rule
2023-04-10,Easter Monday,uk,rule
2023-05-01,Early May bank holiday,uk,rule
2023-05-08,Coronation of King Charles III,uk,rule
2023-05-29,Spring bank holiday,uk,rule
2023-08-28,Summer bank holiday,uk,rule
2023-12-25,Christmas Day,uk,rule
2023-12-26,Boxing Day,uk,rule
2024-01-01,New Year's Day,uk,rule
2024-03-29,Good Friday,uk,rule
2024-04-01,Easter Monday,uk,rule
2024-05-06,Early May bank holiday,uk,rule
2024-05-27,Spring bank holiday,uk,rule
2024-08-26,Summer bank holiday,uk,rule
2024-12-25,Christmas Day,uk,rule
2024-12-26,Boxing Day,uk,rule
2025-01-01,New Year's Day,uk,rule
2025-04-18,Good Friday,uk,rule
2025-04-21,Easter Monday,uk,rule
2025-05-05,Early May bank holiday,uk,rule
2025-05-26,Spring bank holiday,uk,rule
2025-08-25,Summer bank holiday,uk,rule
2025-12-25,Christmas Day,uk,rule
2025-12-26,Boxing Day,uk,rule
2026-01-01,New Year's Day,uk,rule
2026-04-03,Good Friday,uk,rule
2026-04-06,Easter Monday,uk,rule
2026-05-04,Early May bank holiday,uk,rule
2026-05-25,Spring bank holiday,uk,rule
2026-08-31,Summer bank holiday,uk,rule
2026-12-25,Christmas Day,uk,rule
2026-12-28,Boxing Day (substitute),uk,rule
2027-01-01,New Year's Day,uk,rule
2027-03-26,Good Friday,uk,rule
2027-03-29,Easter Monday,uk,rule
2027-05-03,Early May bank holiday,uk,rule
2027-05-31,Spring bank holiday,uk,rule
2027-08-30,Summer bank holiday,uk,rule
2027-12-27,Christmas Day (substitute),uk,rule
2027-12-28,Boxing Day (substitute),uk,rule
2028-01-03,New Year's Day,uk,rule
2028-04-14,Good Friday,uk,rule
2028-04-17,Easter Monday,uk,rule
2028-05-01,Early May bank holiday,uk,rule
2028-05-29,Spring bank holiday,uk,rule
2028-08-28,Summer bank holiday,uk,rule
2028-12-25,Christmas Day,uk,rule
2028-12-26,Boxing Day,uk,rule
2029-01-01,New Year's Day,uk,rule
2029-03-30,Good Friday,uk,rule
2029-04-02,Easter Monday,uk,rule
2029-05-07,Early May bank holiday,uk,rule
2029-05-28,Spring bank holiday,uk,rule
2029-08-27,Summer bank holiday,uk,rule
2029-12-25,Christmas Day,uk,rule
2029-12-26,Boxing Day,uk,rule
2030-01-01,New Year's Day,uk,rule
2030-04-19,Good Friday,uk,rule
2030-04-22,Easter Monday,uk,rule
2030-05-06,Early May bank holiday,uk,rule
2030-05-27,Spring bank holiday,uk,rule
2030-08-26,Summer bank holiday,uk,rule
2030-12-25,Christmas Day,uk,rule
2030-12-26,Boxing Day,uk,rule
2031-01-01,New Year's Day,uk,rule
2031-04-11,Good Friday,uk,rule
2031-04-14,Easter Monday,uk,rule
2031-05-05,Early May bank holiday,uk,rule
2031-05-26,Spring bank holiday,uk,rule
2031-08-25,Summer bank holiday,uk,rule
2031-12-25,Christmas Day,uk,rule
2031-12-26,Boxing Day,uk,rule
2032-01-01,New Year's Day,uk,rule
2032-03-26,Good Friday,uk,rule
2032-03-29,Easter Monday,uk,rule
2032-05-03,Early May bank holiday,uk,rule
2032-05-31,Spring bank holiday,uk,rule
2032-08-30,Summer bank holiday,uk,rule
2032-12-27,Christmas Day (substitute),uk,rule
2032-12-28,Boxing Day (substitute),uk,rule
2033-01-03,New Year's Day,uk,rule
2033-04-15,Good Friday,uk,rule
2033-04-18,Easter Monday,uk,rule
2033-05-02,Early May bank holiday,uk,rule
2033-05-30,Spring bank holiday,uk,rule
2033-08-29,Summer bank holiday,uk,rule
2033-12-26,Boxing Day,uk,rule
2033-12-27,Christmas Day (substitute),uk,rule
2034-01-02,New Year's Day,uk,rule
2034-04-07,Good Friday,uk,rule
2034-04-10,Easter Monday,uk,rule
2034-05-01,Early May bank holiday,uk,rule
2034-05-29,Spring bank holiday,uk,rule
2034-08-28,Summer bank holiday,uk,rule
2034-12-25,Christmas Day,uk,rule
2034-12-26,Boxing Day,uk,rule
2035-01-01,New Year's Day,uk,rule
2035-03-23,Good Friday,uk,rule
2035-03-26,Easter Monday,uk,rule
2035-05-07,Early May bank holiday,uk,rule
2035-05-28,Spring bank holiday,uk,rule
2035-08-27,Summer bank holiday,uk,rule
2035-12-25,Christmas Day,uk,rule
2035-12-26,Boxing Day,uk,rule
