date,USSO1Z Curncy|PX_LAST,USSO2Z Curncy|PX_LAST,USSO3Z Curncy|PX_LAST,USSOA Curncy|PX_LAST,USSOB Curncy|PX_LAST,USSOC Curncy|PX_LAST,USSOD Curncy|PX_LAST,USSOE Curncy|PX_LAST,USSOF Curncy|PX_LAST,USSOG Curncy|PX_LAST,USSOH Curncy|PX_LAST,USSOI Curncy|PX_LAST,USSOJ Curncy|PX_LAST,USSOK Curncy|PX_LAST,USSO1 Curncy|PX_LAST,USSO1F Curncy|PX_LAST,USSO2 Curncy|PX_LAST,USSO3 Curncy|PX_LAST,USSO4 Curncy|PX_LAST,USSO5 Curncy|PX_LAST,USSO6 Curncy|PX_LAST,USSO7 Curncy|PX_LAST,USSO8 Curncy|PX_LAST,USSO9 Curncy|PX_LAST,USSO10 Curncy|PX_LAST,USSO12 Curncy|PX_LAST,USSO15 Curncy|PX_LAST,USSO20 Curncy|PX_LAST,USSO25 Curncy|PX_LAST,USSO30 Curncy|PX_LAST
2013-01-01,NaN,0.164,NaN,0.16,0.152,0.147,0.142,0.138,0.136,0.136,0.135,0.135,0.134,0.134,0.135,0.146,0.17,0.254,0.395,0.588,0.802,1.014,1.221,1.387,NaN,1.815,2.091,2.328,2.452,2.533
2013-01-02,NaN,0.164,NaN,0.1615,0.1535,0.1475,0.1425,0.1405,0.1375,0.138,0.137,0.1365,0.1365,0.136,0.1365,0.147,0.173,0.265,0.412,0.611,0.8381,1.06,1.259,1.451,1.5929,1.879,2.129,2.393,2.464,2.5932
2013-01-03,0.161,0.161,NaN,0.1565,0.1515,0.1455,0.14125,0.1385,0.1365,0.135,0.135,0.1345,0.1355,0.1355,0.1355,0.146,0.175,0.2695,0.425,0.631,0.859,1.081,1.285,1.466,1.6022,1.894,2.162,2.388,2.543,2.587
2013-01-04,0.161,0.161,0.136,0.1555,0.149,0.1455,0.142,0.139,0.138,0.1365,0.1415,0.1375,0.1365,0.1375,0.1415,0.156,0.187,0.292,0.46,0.668,0.898,1.145,1.318,1.5,1.6022,1.961,2.225,2.436,2.584,2.6335
2013-01-07,0.159,0.159,NaN,0.1545,0.1495,0.1445,0.1405,0.1375,0.136,0.136,0.136,0.1355,0.136,0.137,0.1375,0.153,0.1825,0.289,0.456,0.667,0.897,1.113,1.319,1.498,1.6522,1.922,2.193,2.433,2.5505,2.62
2013-01-08,0.16,0.1585,0.1585,0.1535,0.1485,0.1425,0.139,0.1355,0.134,0.135,0.135,0.134,0.1355,0.1355,0.136,0.1485,0.175,0.275,0.434,0.641,0.871,1.09,1.289,1.469,1.6592,1.896,2.172,2.442,2.492,2.6335
2013-01-09,0.1525,0.15,0.149,0.1495,0.1455,0.1405,0.1375,0.1355,0.1345,0.131,0.134,0.1335,0.133,0.132,0.1335,0.145,0.1715,0.268,0.4295,0.636,0.861,1.077,1.278,1.455,1.6229,1.883,2.152,2.4055,2.518,2.596
2013-01-10,0.1445,0.141,0.1395,0.141,0.14,0.134,0.132,0.13,0.13,0.13,0.13,0.13,0.13,0.13,0.13,0.144,0.175,0.285,0.457,0.667,0.899,1.122,1.323,1.505,1.664,1.932,2.198,2.4325,2.557,2.633
2013-01-11,0.1505,0.141,0.1425,0.139,0.136,0.1345,0.1325,0.1305,0.1295,0.128,0.128,0.1305,0.131,0.1295,0.131,0.145,0.174,0.283,0.452,0.6575,0.887,1.123,1.306,1.486,1.642,1.932,2.191,2.42,2.503,2.614
2013-01-14,0.1505,0.147,0.143,0.1405,0.139,0.1355,0.1325,0.1315,0.1305,0.129,0.13,0.1305,0.12915,0.1295,0.1325,0.1435,0.171,0.274,0.44,0.649,0.874,1.095,1.298,1.475,1.631,1.901,2.179,2.416,2.478,2.607
2013-01-15,0.1515,0.1525,0.148,0.145,0.1465,0.1425,0.1405,0.1385,0.137,0.132,0.137,0.1355,0.13,0.13,0.1355,0.144,0.1685,0.26,0.415,0.616,0.841,1.061,1.259,1.439,1.594,1.8635,2.13,2.3694,2.446,2.5624
2013-01-16,0.1475,0.14,0.143,0.144,0.143,0.1395,0.1365,0.1355,0.1335,0.133,0.133,0.132,0.1325,0.1325,0.1325,0.1425,0.1655,0.258,0.4105,0.614,0.836,1.056,1.251,1.434,1.592,1.8625,2.126,2.377,2.499,2.575
2013-01-17,0.1445,0.1415,NaN,0.1425,0.1425,0.1395,0.1375,0.137,0.136,0.136,0.136,0.136,0.1365,0.1375,0.138,0.1515,0.181,0.285,0.455,0.671,0.897,1.122,1.322,1.509,1.668,1.936,2.192,2.448,2.513,2.643
2013-01-18,0.144,0.133,0.136,0.1365,0.1365,0.1335,0.1325,0.1325,0.1315,0.131,0.131,0.1315,0.1315,0.1325,0.1345,0.149,0.1795,0.281,0.445,0.649,0.876,1.094,1.296,1.48,1.635,1.899,2.1515,2.405,2.524,2.591
2013-01-21,0.1455,0.147,0.145,0.14,0.141,0.139,0.137,0.1355,0.134,0.134,0.135,0.134,0.136,0.136,0.138,0.155,0.189,0.282,NaN,NaN,NaN,1.123,NaN,1.49,NaN,1.903,2.174,NaN,2.526,NaN
2013-01-22,0.1425,0.1405,0.137,0.1355,0.1365,0.1335,0.1325,0.1315,0.1315,0.132,0.132,0.1315,0.131,0.131,0.1325,0.145,0.173,0.271,0.434,0.639,0.866,1.088,NaN,1.476,1.634,1.9005,2.174,2.405,2.521,2.594
2013-01-23,0.1375,0.1305,0.1325,0.1315,0.1315,0.127,0.1265,0.1275,0.1265,0.126,0.127,0.1275,0.1275,0.13,0.1315,0.145,0.173,0.27,0.433,0.637,0.864,1.088,NaN,1.472,1.631,1.899,2.148,2.403,2.526,2.593
2013-01-24,0.135,0.1325,0.1345,0.134,0.1335,0.1305,0.1295,0.1305,0.1295,0.13,0.131,0.1315,0.129,0.131,0.1335,0.1485,0.179,0.283,0.455,0.665,0.8525,1.117,NaN,1.502,1.66,1.928,2.1775,2.392,2.553,2.58
2013-01-25,0.135,0.134,0.136,0.1405,0.1405,0.137,0.137,0.138,0.137,0.134,0.136,0.143,0.142,0.143,0.149,0.17,0.208,0.327,0.512,0.738,0.978,1.182,NaN,1.596,1.755,2.0015,2.278,2.533,2.631,2.7215
2013-01-28,0.14,0.1405,0.137,0.1395,0.138,0.1365,0.1375,0.1385,0.1395,0.141,0.143,0.1455,0.149,0.149,0.153,0.178,0.221,0.348,0.54,0.7705,1.009,1.239,NaN,1.633,1.789,2.0575,2.29,2.563,2.678,2.743
2013-01-29,0.131,0.13,0.136,0.1355,0.1345,0.1305,0.1305,0.1315,0.1325,0.133,0.135,0.1375,0.138,0.143,0.1445,0.169,0.211,0.338,0.534,0.764,1.0076,1.237,NaN,1.63,1.7885,2.057,2.293,2.559,2.611,2.743
2013-01-30,0.13,0.1345,0.1305,0.1315,0.13,0.1295,0.1295,0.13,0.131,0.1325,0.135,0.137,0.13875,0.14125,0.145,0.171,0.2145,0.344,0.5365,0.775,1.032,1.271,NaN,1.673,1.833,2.104,2.328,2.613,2.729,2.799
2013-01-31,0.1305,0.1355,0.1305,0.133,0.132,0.131,0.131,0.131,0.132,0.133,0.134,0.136,0.138,0.1405,0.143,0.1665,0.206,0.334,0.533,0.769,1.016,1.253,NaN,1.655,1.816,2.085,2.311,2.59,2.637,2.773
2013-02-01,0.137,0.131,0.1305,0.132,0.131,0.13,0.129,0.13,0.13,0.13125,0.132,0.134,0.137,0.139,0.14,0.161,0.199,0.326,0.528,0.771,1.041,1.24,1.469,1.682,1.843,2.082,2.307,2.6275,2.7045,2.813
2013-02-04,0.1325,0.1355,0.1325,0.1345,0.1315,0.1295,0.1295,0.1295,0.13,0.13,0.132,0.1335,0.136,0.1363,0.1385,0.158,0.1945,0.314,0.5,0.734,0.988,1.223,1.446,1.627,1.8,2.073,2.347,2.587,2.701,2.773
2013-02-05,0.13,0.1335,0.1285,0.1345,0.1315,0.1295,0.1295,0.1295,0.1305,0.131,0.132,0.1325,0.133,0.135,0.1385,0.161,0.2,0.323,0.52,0.76,1.015,1.254,1.483,1.671,1.834,2.116,2.322,2.6325,2.655,2.811
2013-02-06,0.135,0.1355,0.132,0.1345,0.1315,0.1295,0.1285,0.1285,0.1285,0.13,0.131,0.1315,0.1315,0.135,0.1355,0.152,0.186,0.304,0.491,0.726,0.982,1.219,1.444,1.63,1.793,2.075,2.287,2.598,2.63,2.784
2013-02-07,0.1365,0.136,0.132,0.1345,0.1315,0.1305,0.129,0.1295,0.1295,0.128,0.129,0.1305,0.13,0.131,0.13375,0.15,0.1825,0.295,0.4795,0.708,0.955,1.192,1.406,1.601,1.7631,2.0375,2.26,2.561,2.67,2.74
2013-02-08,0.135,0.132,0.1365,0.1385,0.1355,0.1345,0.1335,0.1335,0.1335,0.133,0.134,0.1345,0.1355,0.135,0.138,0.153,0.188,0.3,0.487,0.716,0.966,1.211,1.414,1.612,1.773,2.059,2.278,2.57,2.692,2.759
2013-02-11,0.138,0.138,NaN,0.1384,0.136,0.1355,0.1353,0.1345,0.1345,0.13375,0.135,0.1363,0.134,0.136,0.1395,0.1575,0.193,0.311,0.496,0.729,0.976,1.209,1.426,1.615,1.773,2.0465,2.322,2.56,2.593,2.737
2013-02-12,0.14,0.142,NaN,0.1429,0.141,0.1405,0.1397,0.1388,0.1387,0.1385,0.14,0.1405,0.135,0.138,0.1445,0.165,0.2025,0.325,0.519,0.756,1.002,1.236,1.452,1.64,1.8007,2.073,2.286,2.5757,2.692,2.759
2013-02-13,0.144,0.142,NaN,0.1431,0.1405,0.1395,0.1391,0.1383,0.1383,0.134,0.134,0.1412,0.1355,0.1365,0.1465,0.167,0.2085,0.338,0.542,0.785,1.04,1.276,1.488,1.681,1.84,2.111,2.33,2.628,2.7305,2.7915
2013-02-14,0.1465,0.143,0.1445,0.143,0.142,0.141,0.14,0.14,0.13875,0.14,0.141,0.1398,0.1415,0.1455,0.144,0.165,0.2025,0.328,0.528,0.766,1.018,1.256,1.471,1.667,1.831,2.099,2.328,2.612,2.651,2.792
2013-02-15,0.1465,0.147,0.1445,0.146,0.145,0.143,0.144,0.143,0.142,0.141,0.142,0.144,0.143,0.146,0.148,0.169,0.212,0.331,0.527,0.759,1.011,1.269,1.459,1.652,1.813,2.1165,2.393,2.607,2.666,2.7905
2013-02-18,0.155,0.1535,0.1545,0.1475,0.145,0.144,0.143,0.142,0.142,0.14,0.14,0.144,0.139,0.142,0.146,0.168,0.208,0.334,0.522,0.756,1.006,1.242,1.457,1.642,NaN,2.082,2.363,NaN,2.713,NaN
2013-02-19,0.1525,0.151,0.15,0.1498,0.1439,0.1427,0.1419,0.1405,0.1405,0.14,0.141,0.1427,0.137,0.139,0.1475,0.1665,0.206,0.331,0.526,0.764,1.0141,1.254,1.462,1.659,1.8186,2.0935,2.311,2.6039,2.634,2.7868
2013-02-20,0.1455,0.147,0.1475,0.1509,0.1455,0.1445,0.1432,0.1415,0.1411,0.142,0.143,0.1428,0.138,0.141,0.1484,0.1675,0.2075,0.33,0.532,0.774,1.027,1.265,1.483,1.673,1.8361,2.1145,2.328,2.637,2.66,2.825
2013-02-21,0.151,0.154,0.1525,0.151,0.145,0.144,0.143,0.142,0.141,0.141,0.141,0.142,0.136,0.138,0.139,0.16,0.194,0.308,0.499,0.732,0.983,1.216,1.432,1.622,1.785,2.062,2.344,2.586,2.609,2.773
2013-02-22,0.1545,0.1525,0.153,0.155,0.145,0.143,0.141,0.142,0.138,0.13835,0.135,0.13875,0.135,0.137,0.143,0.157,0.192,0.304,0.494,0.726,0.981,1.219,1.433,1.625,1.784,2.065,2.347,2.586,2.7045,2.774
2013-02-25,0.157,0.153,0.1545,0.1525,0.1435,0.1415,0.1409,0.1391,0.1386,0.14,0.14,0.1393,0.1405,0.1415,0.143,0.157,0.188,0.297,0.478,0.708,0.956,1.189,1.408,1.6,1.761,2.0405,2.323,2.571,2.587,2.758
2013-02-26,0.1605,0.159,0.156,0.1503,0.1436,0.1411,0.1404,0.1388,0.1381,0.138,0.138,0.1375,0.136,0.137,0.14,0.1495,0.175,0.275,0.444,0.663,0.905,1.136,1.343,1.535,1.693,1.966,2.179,2.5041,2.514,2.678
2013-02-27,0.15,0.15,0.1495,0.1465,0.143,0.1405,0.139,0.1385,0.139,0.139,0.139,0.139,0.14,0.141,0.1395,0.149,0.175,0.272,0.443,0.67,0.915,1.148,1.357,1.549,1.707,1.984,2.187,2.512,2.623,2.693
2013-02-28,0.146,0.14,0.145,0.144,0.141,0.1395,0.1365,0.136,0.136,0.137,0.138,0.1305,0.142,0.142,0.139,0.149,0.177,0.268,0.4405,0.666,0.913,1.143,1.36,1.552,1.714,1.99,2.275,2.507,2.644,2.6945
2013-03-01,0.1475,0.147,0.145,0.141,0.139,0.138,0.137,0.136,0.136,0.1362,0.136,0.137,0.14,0.14,0.137,0.144,0.169,0.264,0.426,0.644,0.887,1.132,1.325,1.518,1.6775,1.971,2.258,2.49,2.529,2.681
2013-03-04,0.15,0.15,0.145,0.1425,0.1409,0.1389,0.1379,0.1373,0.1369,0.1375,0.1375,0.1375,0.141,0.138,0.138,0.147,0.17,0.267,0.433,0.653,0.898,1.136,1.345,1.531,1.698,1.975,2.262,2.511,2.6265,2.697
2013-03-05,0.152,0.151,0.148,0.1445,0.1417,0.1395,0.1385,0.1379,0.1375,0.139,0.138,0.1377,0.139,0.14,0.1395,0.1495,0.178,0.281,0.451,0.676,0.918,1.155,1.368,1.561,1.723,2.0015,2.286,2.52,2.6525,2.704
2013-03-06,0.153,0.1495,0.148,0.145,0.1435,0.1407,0.1394,0.1386,0.1379,0.138,0.1405,0.1381,0.138,0.138,0.139,0.1515,0.181,0.291,0.468,0.7,0.946,1.184,1.397,1.591,1.76,2.039,2.322,2.571,2.687,2.761
2013-03-07,0.161,0.154,0.149,0.144,0.1409,0.139,0.1375,0.1371,0.1365,0.135,0.136,0.1363,0.139,0.14,0.139,0.1535,0.187,0.309,0.498,0.74,0.991,1.235,1.451,1.642,1.811,2.09,2.375,2.6155,2.7405,2.796
2013-03-08,0.1535,0.1495,0.147,0.146,0.144,0.142,0.1395,0.1394,0.1393,0.14,0.141,0.1415,0.139,0.14,0.142,0.158,0.194,0.324,0.529,0.781,1.047,1.302,1.513,1.702,1.873,2.1615,2.445,2.681,2.8025,2.864
2013-03-11,0.152,0.1495,0.147,0.146,0.1435,0.1411,0.1395,0.1388,0.1385,0.139,0.139,0.1402,0.139,0.14,0.142,0.158,0.194,0.327,0.534,0.786,1.053,1.299,1.518,1.71,1.882,2.16,2.4425,2.6856,2.801,2.869
2013-03-12,0.15,0.147,0.147,0.144,0.1425,0.141,0.139,0.139,0.1375,0.136,0.1362,0.1368,0.138,0.139,0.14,0.158,0.192,0.318,0.514,0.761,1.02,1.266,1.487,1.677,1.848,2.126,2.408,2.6595,2.772,2.838
2013-03-13,0.1505,0.143,0.142,0.1432,0.1402,0.1385,0.1373,0.1365,0.1364,0.135,0.135,0.1377,0.136,0.137,0.141,0.157,0.192,0.322,0.523,0.774,1.031,1.275,1.494,1.688,1.856,2.134,2.4155,2.6549,2.778,2.845
2013-03-14,0.143,0.145,0.144,0.144,0.138,0.137,0.138,0.136,0.138,0.137,0.139,0.14,0.1405,0.143,0.144,0.161,0.197,0.326,0.524,0.768,1.027,1.27,1.493,1.679,1.854,2.1315,2.4165,2.663,2.778,2.849
2013-03-15,0.145,0.1445,0.144,0.1412,0.1392,0.1382,0.136,0.1365,0.1365,0.1362,0.1375,0.1395,0.14,0.143,0.142,0.159,0.19,0.306,0.496,0.737,0.995,1.247,1.465,1.668,1.832,2.1205,2.41,2.654,2.7795,2.846
2013-03-18,0.1485,0.149,0.148,0.1416,0.1395,0.1385,0.1371,0.1365,0.1364,0.136,0.136,0.1375,0.139,0.14,0.141,0.1555,0.1837,0.296,0.475,0.714,0.971,1.217,1.44,1.632,1.8045,2.087,2.377,2.6268,2.749,2.8168
2013-03-19,0.151,0.1475,0.147,0.1445,0.142,0.1405,0.141,0.1405,0.1405,0.141,0.143,0.1425,0.1425,0.1435,0.1475,0.1616,0.1861,0.283,0.459,0.687,0.932,1.172,1.387,1.573,1.746,2.027,2.312,2.588,2.6755,2.771
2013-03-20,0.149,0.145,0.146,0.145,0.142,0.141,0.1404,0.1405,0.1408,0.142,0.143,0.1445,0.1445,0.1465,0.148,0.161,0.189,0.295,0.478,0.715,0.969,1.212,1.432,1.622,1.792,2.076,2.368,2.6145,2.742,2.7985
2013-03-21,0.148,0.147,0.1455,0.1455,0.1425,0.1418,0.1415,0.1415,0.142,0.143,0.144,0.145,0.1455,0.148,0.15,0.165,0.194,0.3,0.4785,0.712,0.967,1.21,1.425,1.622,1.792,2.071,2.3555,2.614,2.727,2.798
2013-03-22,0.151,0.146,0.1475,0.148,0.143,0.142,0.1416,0.1421,0.143,0.145,0.14625,0.147,0.148,0.149,0.153,0.168,0.196,0.305,0.484,0.719,0.975,1.203,1.435,1.623,1.796,2.0645,2.348,2.5985,2.708,2.783
2013-03-25,0.1475,0.1475,0.1475,0.1457,0.1425,0.1415,0.1402,0.141,0.1419,0.143,0.1475,0.1465,0.147,0.149,0.151,0.1667,0.196,0.306,0.481,0.716,0.965,1.208,1.431,1.612,1.789,2.065,2.35,2.607,2.714,2.809
2013-03-26,0.144,0.142,0.142,0.1495,0.1451,0.1432,0.1418,0.1421,0.1427,0.143,0.145,0.1475,0.1475,0.149,0.1531,0.171,0.1995,0.31,0.486,0.718,0.97,1.215,1.43,1.628,1.7973,2.079,2.362,2.609,2.726,2.799
2013-03-27,0.142,0.15,0.144,0.1475,0.1418,0.1395,0.1395,0.139,0.1395,0.141,0.142,0.143,0.145,0.149,0.148,0.1638,0.1886,0.28,0.4415,0.663,0.914,1.148,1.365,1.549,1.718,2.01,2.293,2.535,2.664,2.732
2013-03-28,0.144,0.1475,0.1475,0.146,0.141,0.13875,0.1383,0.1385,0.1385,0.13875,0.141,0.1408,0.14125,0.144,0.1455,0.159,0.1856,0.278,0.45,0.68,0.924,1.161,1.372,1.563,1.7345,2.015,2.305,2.554,2.6755,2.749
2013-03-29,NaN,0.145,0.1475,0.144,0.141,0.14,0.139,0.139,0.138,0.14,0.141,0.14,0.144,0.145,0.1455,0.158,0.18375,0.285,0.452,0.675,0.922,1.163,1.37,1.513,1.732,2.014,2.303,2.553,2.675,2.749
2013-04-01,NaN,0.144,NaN,0.142,0.139,0.138,0.138,0.138,0.13875,0.13875,0.14,0.141,0.1425,0.1438,0.1438,0.1565,0.1815,0.279,0.442,0.665,0.91,1.148,1.362,1.55,1.72,2.0045,2.291,2.54,2.661,2.731
2013-04-02,0.1425,0.1425,0.1425,0.142,0.1383,0.1373,0.1365,0.1362,0.1364,0.137,0.138,0.1389,0.141,0.142,0.1445,0.1591,0.184,0.29,0.458,0.69,0.938,1.179,1.391,1.585,1.754,2.0335,2.3215,2.532,2.69,2.7225
2013-04-03,0.1435,0.143,0.144,0.142,0.1375,0.1365,0.1354,0.1351,0.1352,0.135,0.136,0.1366,0.1375,0.13875,0.14,0.1525,0.1766,0.272,0.43,0.649,0.892,1.131,1.346,1.535,1.708,1.989,2.279,2.569,2.6425,2.758
2013-04-04,0.142,0.14,0.144,0.139,0.1346,0.1333,0.1327,0.1325,0.1325,0.1325,0.135,0.135,0.138,0.1385,0.139,0.1495,0.172,0.26,0.414,0.624,0.863,1.097,1.309,1.493,1.671,1.95,2.2355,2.481,2.596,2.6604
2013-04-05,0.1385,0.143,NaN,0.138,0.133,0.132,0.1315,0.131,0.1311,0.131,0.131,0.133,0.1335,0.1345,0.138,0.148,0.171,0.258,0.413,0.617,0.843,1.047,1.276,1.455,1.624,1.859,2.126,2.3845,2.466,2.547
2013-04-08,0.1415,0.1425,0.141,0.139,0.1342,0.132,0.1309,0.1305,0.1305,0.132,0.131,0.1318,0.132,0.137,0.137,0.149,0.1705,0.257,0.406,0.615,0.85,1.081,1.292,1.481,1.642,1.914,2.189,2.423,2.529,2.596
2013-04-09,0.141,0.1425,0.141,0.138,0.1353,0.1326,0.1316,0.131,0.131,0.131,0.131,0.132,0.139,0.139,0.135,0.146,0.168,0.259,0.411,0.623,0.861,1.095,1.306,1.502,1.661,1.936,2.218,2.457,2.5665,2.633
2013-04-10,0.1405,0.1425,0.141,0.1378,0.1341,0.1317,0.131,0.1305,0.1305,0.131,0.131,0.132,0.1335,0.139,0.135,0.147,0.171,0.268,0.431,0.647,0.889,1.124,1.339,1.533,1.6985,1.9785,2.261,2.5043,2.6225,2.6881
2013-04-11,0.1405,0.1385,0.1375,0.1371,0.1341,0.132,0.1304,0.1298,0.1297,0.1275,0.1288,0.1302,0.1315,0.13125,0.133,0.144,0.167,0.264,0.4255,0.642,0.883,1.119,1.333,1.53,1.692,1.979,2.258,2.4995,2.619,2.685
2013-04-12,0.136,0.139,0.1375,0.134,0.132,0.13,0.129,0.129,0.129,0.129,0.129,0.1316,0.13,0.13,0.134,0.1455,0.165,0.251,0.402,0.613,0.847,1.081,1.286,1.475,1.639,1.927,2.205,2.444,2.565,2.6275
2013-04-15,0.1335,0.133,0.1365,0.1346,0.1329,0.1308,0.1298,0.1291,0.1291,0.128,0.129,0.1295,0.131,0.13,0.1312,0.1385,0.157,0.241,0.3915,0.602,0.835,1.057,1.267,1.456,1.615,1.895,2.17,2.4225,2.522,2.608
2013-04-16,0.1365,0.1365,0.1355,0.1354,0.1348,0.1318,0.1306,0.1296,0.1295,0.129,0.13,0.1299,0.13125,0.13,0.1324,0.1413,0.1615,0.25,0.409,0.625,0.858,1.087,1.293,1.484,1.641,1.9155,2.187,2.383,2.5365,2.563
2013-04-17,0.1365,0.134,0.1365,0.1356,0.1353,0.1328,0.132,0.1315,0.1311,0.13,0.13125,0.1315,0.133,0.134,0.135,0.1433,0.1625,0.245,0.397,0.605,0.829,1.049,1.253,1.437,1.596,1.871,2.141,NaN,2.485,NaN
2013-04-18,0.136,0.1355,0.1355,0.1346,0.1344,0.1317,0.1309,0.1304,0.1302,0.13,0.132,0.131,0.133,0.133,0.134,0.1435,0.1631,0.252,0.405,0.612,0.838,1.058,1.261,1.444,1.604,1.877,2.149,2.39,2.498,2.577
2013-04-19,0.1385,0.1405,0.139,0.1385,0.1355,0.134,0.134,0.133,0.133,0.13375,0.135,0.134,0.136,0.136,0.1363,0.148,0.167,0.262,0.4165,0.625,0.852,1.066,1.273,1.458,1.617,1.8835,2.153,2.389,2.497,2.57
2013-04-22,0.14,0.1375,0.1365,0.1362,0.1363,0.1335,0.1322,0.1314,0.1315,0.132,0.133,0.1325,0.133,0.134,0.134,0.1437,0.164,0.253,0.41,0.615,0.844,1.062,1.267,1.454,1.6156,1.889,2.158,2.392,2.5015,2.57
2013-04-23,0.1325,0.1335,0.133,0.1356,0.1361,0.1335,0.1335,0.1335,0.1335,0.135,0.135,0.1346,0.137,0.137,0.136,0.145,0.1655,0.254,0.411,0.618,0.848,1.069,1.273,1.458,1.621,1.896,2.17,2.389,2.518,2.566
2013-04-24,0.135,0.1355,0.1355,0.1361,0.1359,0.134,0.1325,0.1334,0.1337,0.133,0.133,0.1348,0.137,0.137,0.1365,0.1459,0.167,0.253,0.4095,0.618,0.848,1.074,1.277,1.462,1.626,1.902,2.1775,2.42,2.531,2.6
2013-04-25,0.1265,0.129,0.1305,0.1321,0.1327,0.1295,0.1295,0.1293,0.1295,0.13,0.13,0.1305,0.1315,0.13125,0.1336,0.1444,0.166,0.256,0.412,0.627,0.8563,1.081,1.287,1.473,1.638,1.915,2.191,2.433,2.549,2.6088
2013-04-26,0.1295,0.1285,0.129,0.13,0.1302,0.1285,0.1269,0.1269,0.1275,0.128,0.129,0.129,0.128,0.13,0.1305,0.1395,0.1585,0.241,0.392,0.594,0.821,1.036,1.243,1.428,1.592,1.863,2.1365,2.379,2.493,2.562
2013-04-29,0.123,0.123,0.1275,0.124,0.124,0.125,0.1227,0.1255,0.123,0.125,0.125,0.1235,0.126,0.126,0.1255,0.1346,0.153,0.235,0.385,0.586,0.8122,1.031,1.233,1.417,1.58,1.8555,2.1315,2.373,2.4865,2.554
2013-04-30,0.1225,0.1235,0.123,0.123,0.122,0.1215,0.121,0.1225,0.1225,0.12375,0.123,0.1225,0.124,0.124,0.12505,0.135,0.154,0.238,0.391,0.595,0.821,1.045,1.249,1.435,1.597,1.877,2.153,2.355,2.5125,2.554
2013-05-01,NaN,0.128,0.1235,0.125,0.1237,0.1225,0.1221,0.1218,0.1219,0.122,0.122,0.1222,0.12125,0.123,0.1235,0.132,0.15,0.228,0.371,0.569,0.787,1.001,1.204,1.387,1.55,1.823,2.097,2.339,2.4515,2.521
2013-05-02,0.1255,0.1265,0.1265,0.1272,0.125,0.1243,0.1235,0.1225,0.1225,0.123,0.123,0.1221,0.122,0.122,0.1225,0.1294,0.148,0.224,0.373,0.574,0.799,1.02,1.222,1.405,1.568,1.843,2.117,2.355,2.4755,2.5435
2013-05-03,0.13,0.129,0.132,0.127,0.126,0.1245,0.1235,0.125,0.1245,0.1225,0.1225,0.1246,0.1225,0.1225,0.127,0.138,0.16,0.255,0.425,0.642,0.876,1.098,1.31,1.496,1.663,1.934,2.217,2.455,2.573,2.6455
2013-05-06,0.1255,0.1255,0.1255,0.1275,0.1245,0.1231,0.1216,0.1215,0.1215,0.122,0.123,0.1217,0.125,0.126,0.125,0.137,0.1604,0.264,0.438,0.661,0.898,1.129,1.338,1.53,1.696,1.9735,2.2525,2.497,2.6125,2.684
2013-05-07,0.125,0.1255,0.1255,0.1277,0.1247,0.1232,0.1225,0.1225,0.1229,0.1238,0.124,0.1242,0.1238,0.125,0.1265,0.139,0.1641,0.27,0.447,0.672,0.911,1.141,1.351,1.542,1.71,1.989,2.2675,2.512,2.63,2.7
2013-05-08,0.1245,0.125,0.1245,0.1277,0.1247,0.1233,0.1225,0.1226,0.1225,0.1225,0.1225,0.1235,0.123,0.124,0.1255,0.136,0.1592,0.261,0.434,0.655,0.89,1.115,1.325,1.514,1.68,1.962,2.245,2.509,2.6075,2.702
2013-05-09,0.125,0.127,0.1245,0.126,0.1235,0.1232,0.1229,0.123,0.1235,0.123,0.124,0.1245,0.124,0.126,0.1265,0.137,0.16,0.263,0.437,0.658,0.891,1.116,1.327,1.516,1.682,1.961,2.244,2.487,2.608,2.676
2013-05-10,0.121,0.121,NaN,0.125,0.1255,0.1235,0.124,0.1237,0.1245,0.125,0.125,0.1265,0.127,0.127,0.131,0.145,0.176,0.299,0.4945,0.733,0.978,1.208,1.422,1.618,1.785,2.072,2.356,2.599,2.7205,2.791
2013-05-13,0.125,0.1265,0.126,0.1275,0.1245,0.1241,0.1233,0.1235,0.1241,0.125,0.126,0.1271,0.13,0.132,0.132,0.15,0.181,0.305,0.497,0.737,0.986,1.223,1.443,1.638,1.807,2.095,2.379,2.626,2.7485,2.82
2013-05-14,0.123,0.1235,0.123,0.1235,0.1224,0.122,0.1215,0.1225,0.1235,0.13125,0.13125,0.1275,0.129,0.131,0.132,0.1505,0.182,0.309,0.51,0.756,1.007,1.248,1.463,1.662,1.83,2.117,2.4035,2.654,2.779,2.854
2013-05-15,0.117,0.122,0.122,0.12,0.1223,0.1221,0.1215,0.1224,0.123,0.12255,0.12375,0.126,0.12625,0.12755,0.131,0.15,0.1852,0.315,0.516,0.763,1.015,1.256,1.474,1.674,1.847,2.1345,2.428,2.6827,2.809,2.879
2013-05-16,0.12,0.1205,0.1215,0.1214,0.1215,0.1215,0.1214,0.1215,0.1227,0.12125,0.12255,0.1255,0.126,0.128,0.1307,0.1459,0.173,0.285,0.47,0.698,0.938,1.167,1.381,1.573,1.7426,2.03,2.316,2.569,2.689,2.764
2013-05-17,0.12,0.116,0.119,0.118,0.12,0.121,0.121,0.122,0.123,0.123,0.124,0.128,0.128,0.13,0.134,0.153,0.185,0.309,0.507,0.746,0.998,1.241,1.457,1.655,1.825,2.109,2.3975,2.659,2.772,2.85
2013-05-20,0.1125,0.1115,0.113,0.115,0.1155,0.116,0.117,0.118,0.119,0.12,0.122,0.1218,0.1255,0.1275,0.129,0.1475,0.1818,0.308,0.505,0.745,0.994,1.235,1.456,1.649,1.82,2.108,2.396,2.644,2.7645,2.837
2013-05-21,0.1,0.1,0.1065,0.1125,0.1113,0.1122,0.1128,0.114,0.1158,0.1175,0.12125,0.1211,0.123,0.126,0.128,0.1488,0.182,0.305,0.502,0.743,0.99,1.229,1.441,1.638,1.807,2.092,2.376,2.629,2.75,2.821
2013-05-22,0.091,0.098,0.098,0.1071,0.109,0.111,0.112,0.1129,0.115,0.1175,0.12,0.122,0.124,0.126,0.1283,0.15,0.1885,0.33,0.548,0.805,1.061,1.31,1.527,1.727,1.896,2.183,2.465,2.6975,2.827,2.8945
2013-05-23,0.1085,0.1095,0.1085,0.1135,0.112,0.1135,0.1145,0.1155,0.1175,0.1215,0.121,0.1243,0.127,0.129,0.132,0.155,0.1945,0.339,0.559,0.816,1.075,1.323,1.541,1.742,1.91,2.192,2.47,2.679,2.828,2.852
2013-05-24,0.1,0.117,0.107,0.106,0.11,0.111,0.113,0.115,0.1165,0.12,0.121,0.12,0.128,0.13,0.132,0.152,0.195,0.34,0.564,0.821,1.079,1.32,1.534,1.726,1.9,2.169,2.443,2.679,2.793,2.856
2013-05-27,NaN,0.117,0.117,0.104,0.108,0.11,0.111,0.115,0.115,0.1125,0.117,0.119,0.128,0.131,0.1315,0.155,0.199,0.355,NaN,NaN,1.074,1.32,1.534,1.732,NaN,2.168,2.443,NaN,2.79,NaN
2013-05-28,0.1,0.1,0.101,0.1099,0.1084,0.1107,0.1127,0.114,0.116,0.11875,0.12125,0.125,0.13,0.135,0.136,0.1665,0.22,0.399,0.647,0.925,1.189,1.441,1.657,1.8525,2.017,2.29,2.561,2.732,2.901,2.908
2013-05-29,0.1,0.1,0.108,0.1065,0.11,0.1125,0.117,0.119,0.12,0.126,0.128,0.132,0.136,0.142,0.145,0.184,0.242,0.428,0.679,0.956,1.225,1.473,1.689,1.876,2.04,2.08,2.581,2.843,2.909,3.006
2013-05-30,NaN,0.11,0.104,0.1035,0.1053,0.1065,0.1095,0.1129,0.116,0.119,0.123,0.1272,0.13,0.1355,0.1395,0.1778,0.2337,0.413,0.66,0.932,1.195,1.438,1.656,1.843,2.0085,2.2795,2.551,2.781,2.887,2.951
2013-05-31,0.105,0.1005,NaN,0.106,0.1091,0.1112,0.115,0.118,0.123,0.124,0.128,0.1315,0.133,0.139,0.146,0.178,0.231,0.417,0.6615,0.932,1.206,1.489,1.675,1.859,2.028,2.34,2.609,2.806,2.9435,2.975
2013-06-03,0.1055,0.1125,0.1035,0.1015,0.1083,0.111,0.1145,0.117,0.12,0.124,0.128,0.129,0.135,0.1375,0.143,0.179,0.232,0.413,0.6545,0.926,1.191,1.439,1.655,1.85,2.014,2.2885,2.5585,2.838,2.903,3.0125
2013-06-04,0.105,0.1075,0.1035,0.1032,0.1058,0.108,0.111,0.1139,0.116,0.12,0.123,0.126,0.128,0.133,0.1393,0.1766,0.2338,0.424,0.674,0.96,1.23,1.478,1.694,1.886,2.055,2.332,2.602,2.828,2.939,3.0055
2013-06-05,0.105,0.1095,0.103,0.1049,0.1069,0.109,0.112,0.1148,0.117,0.12,0.123,0.1258,0.13,0.134,0.139,0.1727,0.225,0.402,0.65,0.921,1.187,1.43,1.645,1.834,1.997,2.2725,2.544,2.805,2.886,2.973
2013-06-06,0.1,0.0845,0.104,0.105,0.1073,0.1091,0.1123,0.115,0.117,0.12,0.122,0.126,0.129,0.133,0.137,0.1725,0.221,0.392,0.6295,0.893,1.145,1.385,1.602,1.783,1.947,2.218,2.486,2.786,2.818,2.9525
2013-06-07,0.095,0.0775,0.0975,0.1025,0.104,0.1092,0.1135,0.116,0.114,0.115,0.12,0.126,0.13,0.135,0.141,0.1835,0.2495,0.46,0.7285,1.012,1.283,1.496,1.736,1.925,2.086,2.3275,2.5955,NaN,2.928,NaN
2013-06-10,0.1,0.104,0.0975,0.1,0.103,0.106,0.1108,0.1139,0.1165,0.12,0.124,0.128,0.131,0.136,0.1441,0.1904,0.2617,0.479,0.7575,1.047,1.321,1.565,1.778,1.964,2.124,2.398,2.659,2.876,2.979,3.037
2013-06-11,0.099,0.0975,0.0955,0.0975,0.1029,0.1054,0.109,0.112,0.1142,0.116,0.1225,0.1255,0.13,0.135,0.139,0.1845,0.2563,0.48,0.754,1.039,1.31,1.562,1.769,1.958,2.118,2.379,2.636,2.845,2.9485,3.005
2013-06-12,0.0935,0.0975,0.096,0.1011,0.1045,0.1073,0.1111,0.114,0.117,0.118,0.12375,0.1266,0.131,0.136,0.1425,0.187,0.255,0.467,0.739,1.021,1.291,1.53,1.743,1.931,2.092,2.3565,2.6145,2.8235,2.9295,2.99
2013-06-13,0.0935,0.091,0.096,0.1003,0.1039,0.1051,0.1096,0.1125,0.1149,0.116,0.119,0.123,0.127,0.132,0.138,0.1797,0.248,0.463,0.7315,1.009,1.271,1.504,1.714,1.892,2.051,2.3125,2.5725,2.79,2.892,2.952
2013-06-14,0.091,0.0925,0.098,0.0975,0.1021,0.1047,0.1077,0.11,0.1115,0.112,0.114,0.117,0.1185,0.1215,0.127,0.158,0.212,0.408,0.669,0.945,1.213,1.44,1.66,1.853,2.016,2.278,2.5415,2.765,2.868,2.936
2013-06-17,0.096,0.101,0.101,0.103,0.106,0.108,0.11,0.111,0.1112,0.113,0.115,0.115,0.12,0.1225,0.125,0.1535,0.206,0.398,0.655,0.934,1.203,1.455,1.67,1.863,2.027,2.298,2.563,2.7784,2.893,2.948
2013-06-18,0.0965,0.102,0.101,0.103,0.1084,0.1105,0.112,0.1147,0.1159,0.115,0.1195,0.1201,0.124,0.127,0.1295,0.157,0.2101,0.406,0.6775,0.971,1.2461,1.498,1.713,1.904,2.068,2.338,2.5995,2.813,2.917,2.976
2013-06-19,0.101,0.102,0.107,0.108,0.111,0.113,0.115,0.1164,0.1178,0.119,0.119,0.122,0.1245,0.1275,0.132,0.161,0.2123,0.414,0.7,1.003,1.285,1.54,1.752,1.949,2.109,2.3745,2.635,2.842,2.941,2.997
2013-06-20,0.104,0.11,0.107,0.1111,0.115,0.116,0.118,0.1216,0.1237,0.124,0.128,0.131,0.136,0.1425,0.146,0.1945,0.2765,0.546,0.895,1.231,1.52,1.774,1.985,2.18,2.335,2.58,2.825,3.01,3.096,3.15
2013-06-21,0.1015,0.115,0.1105,0.1113,0.119,0.121,0.126,0.1286,0.13,0.134,0.137,0.1405,0.149,0.155,0.16,0.219,0.315,0.615,0.977,1.323,1.626,1.824,2.091,2.284,2.43,2.629,2.863,3.0545,3.123,3.173
2013-06-24,0.114,0.117,0.1105,0.118,0.12305,0.12625,0.131,0.136,0.1405,0.146,0.151,0.15635,0.16,0.17,0.17785,0.2345,0.3211,0.614,0.995,1.36,1.669,1.935,2.145,2.332,2.484,2.727,2.954,3.117,3.1895,3.228
2013-06-25,0.112,0.115,0.1085,0.116,0.1197,0.125,0.129,0.1342,0.139,0.144,0.147,0.153,0.162,0.169,0.1744,0.235,0.3222,0.616,0.988,1.337,1.649,1.907,2.128,2.312,2.465,2.711,2.9365,3.049,3.179,3.163
2013-06-26,0.098,0.1155,0.108,0.1125,0.119,0.1253,0.13,0.135,0.1387,0.14,0.145,0.1524,0.159,0.166,0.1717,0.229,0.316,0.608,0.976,1.332,1.638,1.904,2.117,2.305,2.46,2.711,2.948,3.0805,3.2,3.1925
2013-06-27,0.1125,0.1125,0.112,0.112,0.1163,0.12,0.1238,0.128,0.1315,0.137,0.14,0.1439,0.152,0.158,0.162,0.206,0.281,0.562,0.925,1.266,1.567,1.818,2.033,2.22,2.374,2.63,2.869,3.055,3.135,3.184
2013-06-28,0.106,0.104,0.108,0.1103,0.1122,0.115,0.12,0.1237,0.1274,0.132,0.135,0.14,0.146,0.154,0.158,0.204,0.279,0.558,0.912,1.254,1.556,1.837,2.031,2.213,2.3665,2.6535,2.8875,3.037,3.148,3.163
2013-07-01,0.104,0.1025,0.1045,0.1057,0.107,0.11,0.115,0.119,0.123,0.127,0.132,0.135,0.141,0.1465,0.152,0.1971,0.2702,0.547,0.903,1.252,1.557,1.81,2.028,2.211,2.363,2.617,2.8445,3.0535,3.0965,3.179
2013-07-02,0.0995,0.0985,0.1,0.101,0.1028,0.107,0.11,0.114,0.118,0.123,0.126,0.1322,0.1375,0.144,0.15,0.197,0.272,0.545,0.897,1.246,1.552,1.809,2.022,2.209,2.359,2.609,2.841,3.012,3.089,3.1255
2013-07-03,0.1015,0.1005,0.1,0.103,0.105,0.1108,0.1156,0.1199,0.125,0.129,0.134,0.14,0.1455,0.1515,0.1594,0.215,0.296,0.578,0.94,1.286,1.585,1.845,2.055,2.242,2.393,2.6455,2.878,3.044,3.134,3.1745
2013-07-04,0.1,0.0995,NaN,0.103,0.104,0.108,0.113,0.117,0.122,0.126,0.131,0.136,0.142,0.148,0.154,0.199,0.277,0.568,0.947,1.297,1.6,1.849,2.063,2.236,2.3964,2.653,2.882,3.057,3.137,3.178
2013-07-05,0.104,0.103,0.103,0.1022,0.107,0.112,0.1175,0.1222,0.127,0.134,0.138,0.1445,0.152,0.158,0.169,0.234,0.333,0.665,1.087,1.489,1.822,2.069,2.31,2.5,2.652,2.864,3.0915,3.258,3.332,3.3715
2013-07-08,0.1005,0.101,NaN,0.1045,0.107,0.1113,0.115,0.119,0.1236,0.129,0.134,0.139,0.1465,0.1525,0.159,0.2167,0.308,0.62,1.02,1.4075,1.739,2.014,2.238,2.428,2.5815,2.8335,3.0725,3.254,3.33,3.378
2013-07-09,0.102,0.101,NaN,0.1025,0.1064,0.1115,0.1158,0.1193,0.124,0.128,0.132,0.1377,0.144,0.15,0.157,0.2155,0.306,0.606,0.9955,1.371,1.7,1.969,2.193,2.381,2.538,2.797,3.041,3.237,3.313,3.363
2013-07-10,0.103,0.1015,0.103,0.1047,0.1066,0.1126,0.11625,0.1205,0.125,0.129,0.135,0.141,0.14625,0.153,0.161,0.2194,0.314,0.619,1.007,1.385,1.713,1.99,2.217,2.408,2.564,2.8245,3.068,3.257,3.345,3.392
2013-07-11,0.099,0.097,0.101,0.1018,0.105,0.11,0.113,0.116,0.12,0.125,0.129,0.1335,0.139,0.144,0.151,0.202,0.284,0.569,0.942,1.313,1.64,1.913,2.149,2.347,2.51,2.7765,3.0275,3.2125,3.315,3.361
2013-07-12,0.0965,0.0965,0.098,0.1007,0.1026,0.1089,0.114,0.1166,0.1209,0.122,0.1225,0.136,0.137,0.142,0.1535,0.206,0.292,0.574,0.94,1.303,1.63,1.897,2.126,2.322,2.481,2.753,2.9985,3.1865,3.278,3.3265
2013-07-15,0.0985,0.098,0.102,0.1015,0.1035,0.1085,0.1132,0.116,0.12,0.125,0.12875,0.133,0.138,0.14625,0.1507,0.204,0.282,0.554,0.908,1.262,1.581,1.857,2.087,2.282,2.439,2.7085,2.9635,3.163,3.258,3.31
2013-07-16,0.0965,0.0955,0.099,0.1003,0.1015,0.1065,0.1101,0.1126,0.1155,0.122,0.125,0.13,0.135,0.14,0.1435,0.19,0.265,0.532,0.892,1.253,1.571,1.842,2.065,2.262,2.423,2.6875,2.9375,3.152,3.23,3.304
2013-07-17,0.0965,0.0955,0.0985,0.098,0.1005,0.1053,0.1087,0.1111,0.1141,0.119,0.122,0.1246,0.13,0.131,0.1387,0.1803,0.2499,0.502,0.844,1.199,1.515,1.792,2.022,2.225,2.387,2.663,2.9215,3.127,3.2235,3.277
2013-07-18,0.0985,0.098,0.0985,0.1,0.1022,0.1063,0.111,0.114,0.1158,0.12188,0.123,0.1264,0.13313,0.13813,0.141,0.1845,0.25313,0.505,0.856,1.211,1.529,1.809,2.043,2.245,2.409,2.6825,2.947,3.158,3.2605,3.319
2013-07-19,0.095,0.0975,NaN,0.099,0.1,0.1025,0.108,0.11,0.112,0.1175,0.12,0.1225,0.13,0.135,0.14,0.182,0.248,0.4975,0.835,1.184,1.5,1.786,2.01,2.211,2.373,2.657,2.916,3.109,3.223,3.257
2013-07-22,0.0975,0.101,0.1,0.0998,0.1025,0.1061,0.1097,0.1125,0.1152,0.119,0.123,0.127,0.133,0.138,0.142,0.1865,0.2549,0.502,0.846,1.195,1.51,1.784,2.012,2.206,2.367,2.6365,2.89,3.096,3.189,3.245
2013-07-23,0.0925,0.0945,0.0955,0.0992,0.1024,0.10375,0.1104,0.1139,0.115,0.11875,0.1225,0.1295,0.132,0.137,0.144,0.189,0.258,0.508,0.85,1.203,1.525,1.798,2.027,2.227,2.389,2.6585,2.918,3.1199,3.22,3.27
2013-07-24,0.095,0.0945,0.1,0.0955,0.1,0.1045,0.10875,0.113,0.116,0.11875,0.123,0.128,0.1325,0.138,0.1475,0.1975,0.274,0.542,0.903,1.267,1.592,1.869,2.104,2.298,2.469,2.739,2.994,3.2,3.292,3.3441
2013-07-25,0.095,0.0965,0.0965,0.0992,0.1027,0.1061,0.1107,0.114,0.117,0.1205,0.125,0.1295,0.135,0.1405,0.1452,0.1938,0.268,0.548,0.915,1.283,1.611,1.889,2.117,2.314,2.475,2.747,3.002,3.206,3.299,3.357
2013-07-26,0.095,0.097,0.0985,0.099,0.1,0.10375,0.108,0.1112,0.11375,0.1175,0.1225,0.125,0.128,0.133,0.138,0.18,0.247,0.51,0.868,1.241,1.57,1.852,2.076,2.278,2.44,2.7155,2.972,3.172,3.274,3.319
2013-07-29,0.096,0.1005,0.0975,0.099,0.1,0.104,0.10625,0.111,0.1125,0.115,0.121,0.1253,0.1275,0.13125,0.137,0.179,0.249,0.512,0.879,1.25,1.5788,1.862,2.093,2.296,2.4605,2.736,2.9925,3.1984,3.3,3.355
2013-07-30,0.0975,0.098,0.0965,0.096,0.1005,0.104,0.108,0.1106,0.114,0.117,0.121,0.1242,0.129,0.134,0.1395,0.182,0.2525,0.518,0.8865,1.2595,1.59,1.882,2.113,2.313,2.474,2.75,3.009,3.214,3.3145,3.372
2013-07-31,0.098,0.1075,0.098,0.0965,0.101,0.1047,0.1081,0.1108,0.114,0.116,0.121,0.1262,0.13063,0.136,0.142,0.1881,0.265,0.547,0.932,1.315,1.654,1.936,2.167,2.36,2.521,2.792,3.0475,3.2705,3.343,3.4185
2013-08-01,0.095,0.096,0.097,0.0967,0.1012,0.105,0.108,0.1115,0.114,0.11688,0.12188,0.126,0.13063,0.13563,0.141,0.189,0.268,0.56,0.9575,1.3455,1.686,1.973,2.202,2.396,2.554,2.8225,3.08,NaN,3.3755,NaN
2013-08-02,0.0915,0.0925,0.091,0.094,0.096,0.0985,0.102,0.104,0.106,0.1145,0.113,0.1165,0.122,0.128,0.131,0.171,0.239,0.501,0.8585,1.2265,1.56,1.874,2.083,2.282,2.446,2.751,3.0135,3.209,3.325,3.3675
2013-08-05,NaN,0.094,0.097,0.0963,0.0981,0.099,0.104,0.106,0.109,0.113,0.117,0.122,0.1265,0.13,0.135,0.179,0.251,0.522,0.892,1.2685,1.606,1.898,2.135,2.34,2.504,2.783,3.048,NaN,3.362,NaN
2013-08-06,0.09,0.093,0.097,0.0953,0.0975,0.1005,0.1025,0.1065,0.1103,0.111,0.116,0.12,0.122,0.127,0.1335,0.1781,0.2539,0.529,0.8975,1.27,1.611,1.905,2.143,2.349,2.516,2.795,3.064,3.246,3.376,3.405
2013-08-07,0.093,0.093,0.096,0.0953,0.0976,0.1004,0.1026,0.1057,0.1091,0.111,0.115,0.119,0.123,0.127,0.133,0.175,0.2511,0.516,0.883,1.251,1.586,1.871,2.108,2.308,2.472,2.752,3.014,3.2445,3.325,3.401
2013-08-08,NaN,0.0925,0.094,0.094,0.0971,0.0997,0.103,0.106,0.109,0.11438,0.114,0.1192,0.122,0.128,0.1322,0.1735,0.2455,0.513,0.866,1.2235,1.553,1.836,2.067,2.27,2.433,2.707,2.973,2.8035,3.286,NaN
2013-08-09,NaN,0.092,0.093,0.094,0.0968,0.0998,0.1024,0.1055,0.1091,0.11,0.114,0.1194,0.122,0.128,0.132,0.174,0.2455,0.51,0.868,1.219,1.544,1.838,2.054,2.26,2.42,2.708,2.975,3.176,3.289,3.332
2013-08-12,0.091,0.091,0.091,0.091,0.096,0.099,0.102,0.105,0.109,0.109,0.113,0.1195,0.122,0.126,0.1324,0.173,0.2425,0.509,0.863,1.223,1.551,1.836,2.065,2.271,2.434,2.7065,2.9725,3.1635,3.2915,3.324
2013-08-13,0.094,0.094,0.094,0.0925,0.096,0.1,0.103,0.1061,0.11,0.11,0.115,0.1213,0.125,0.135,0.139,0.192,0.2765,0.57,0.954,1.332,1.67,1.955,2.189,2.386,2.548,2.8205,3.0815,3.286,3.389,3.441
2013-08-14,0.092,0.092,0.094,0.092,0.096,0.0999,0.1024,0.1061,0.1098,0.112,0.116,0.1213,0.126,0.132,0.139,0.1905,0.275,0.573,0.957,1.331,1.668,1.953,2.186,2.386,2.547,2.8145,3.0715,3.284,3.3785,3.4326
2013-08-15,0.0925,0.093,0.098,0.094,0.0994,0.1023,0.1045,0.1085,0.1118,0.114,0.12,0.125,0.129,0.137,0.143,0.2005,0.2955,0.624,1.026,1.4045,1.746,2.032,2.265,2.46,2.62,2.887,3.14,3.344,3.441,3.4852
2013-08-16,0.0915,0.0925,0.099,0.0939,0.0973,0.1009,0.1036,0.1076,0.1111,0.114,0.12,0.1226,0.128,0.134,0.1396,0.199,0.292,0.635,1.041,1.435,1.772,2.085,2.297,2.5,2.661,2.9415,3.194,3.349,3.491,3.5035
2013-08-19,0.09,0.0935,0.088,0.093,0.097,0.1015,0.1045,0.1083,0.1122,0.11625,0.12125,0.125,0.129,0.136,0.1428,0.204,0.307,0.663,1.089,1.492,1.847,2.142,2.377,2.576,2.74,3.0005,3.245,NaN,3.531,NaN
2013-08-20,0.0935,0.0925,0.087,0.095,0.0973,0.1009,0.1039,0.1069,0.1106,0.114,0.117,0.1213,0.126,0.132,0.138,0.1945,0.292,0.626,1.035,1.429,1.781,2.078,2.319,2.511,2.678,2.947,3.199,3.402,3.4965,3.5535
2013-08-21,0.084,0.0915,0.077,0.0945,0.0978,0.1016,0.1041,0.1068,0.1102,0.113,0.117,0.1213,0.124,0.131,0.1389,0.1961,0.2934,0.629,1.042,1.436,1.786,2.081,2.315,2.512,2.678,2.948,3.207,3.414,3.516,3.57
2013-08-22,0.0925,0.0925,0.079,0.0963,0.101,0.1052,0.11,0.114,0.119,0.124,0.13,0.138,0.145,0.155,0.16,0.2315,0.345,0.718,1.1575,1.561,1.91,2.196,2.429,2.618,2.777,3.036,3.282,3.462,3.562,3.593
2013-08-23,0.0905,0.0905,0.075,0.095,0.09875,0.103,0.107,0.1095,0.114,0.12375,0.13,0.1295,0.14375,0.15125,0.1515,0.217,0.327,0.693,1.107,1.49,1.829,2.124,2.333,2.514,2.67,2.94,3.185,3.364,3.471,3.503
2013-08-26,0.089,0.0885,0.068,0.093,0.0995,0.1045,0.107,0.108,0.112,0.117,0.124,0.128,0.137,0.142,0.1495,0.215,0.3185,0.679,1.0925,1.4735,1.802,2.086,2.313,2.496,2.654,2.907,3.1495,NaN,3.4315,NaN
2013-08-27,0.09,0.09,0.061,0.0942,0.0972,0.1018,0.1057,0.1086,0.1123,0.117,0.122,0.1275,0.136,0.141,0.1484,0.212,0.316,0.656,1.047,1.419,1.749,2.022,2.25,2.438,2.596,2.8515,3.093,3.289,3.38,3.43
2013-08-28,0.078,0.078,0.08,0.0915,0.0955,0.1003,0.1048,0.1082,0.1123,0.11813,0.12438,0.13,0.136,0.143,0.1515,0.219,0.332,0.689,1.092,1.465,1.793,2.07,2.295,2.484,2.638,2.892,3.134,3.273,3.4165,3.395
2013-08-29,0.09,0.087,0.091,0.0902,0.0945,0.0994,0.1034,0.1076,0.1117,0.117,0.1225,0.1295,0.136,0.145,0.153,0.226,0.337,0.693,1.097,1.465,1.793,2.067,2.291,2.478,2.631,2.884,3.124,3.314,3.403,3.447
2013-08-30,0.08,0.08,0.089,0.0865,0.0917,0.0965,0.1015,0.105,0.1096,0.11063,0.11688,0.127,0.129,0.138,0.1505,0.222,0.34,0.707,1.12,1.5,1.82,2.063,2.318,2.474,2.622,2.873,3.107,3.3005,3.371,3.437
2013-09-02,0.09,NaN,0.0885,0.086,0.091,0.0965,0.101,0.106,0.11,0.13,0.123,0.1275,0.138,0.147,0.1545,0.235,0.358,0.735,1.12,1.5,1.827,2.094,2.318,2.467,NaN,2.897,3.131,NaN,3.388,NaN
2013-09-03,0.0865,0.0865,0.0855,0.0875,0.0945,0.0975,0.1015,0.106,0.1104,0.11125,0.1175,0.1294,0.13625,0.145,0.1547,0.2323,0.3576,0.731,1.156,1.546,1.883,2.166,2.393,2.581,2.736,2.981,3.213,NaN,3.483,NaN
2013-09-04,0.085,0.086,0.0875,0.0894,0.0933,0.0975,0.1015,0.1061,0.1104,0.11563,0.12188,0.1295,0.139,0.148,0.159,0.243,0.375,0.746,1.168,1.556,1.889,2.161,2.385,2.573,2.724,2.9685,3.1955,3.38,3.4535,3.495
2013-09-05,0.0885,0.087,0.0865,0.091,0.0955,0.0997,0.1049,0.1108,0.115,0.121,0.128,0.1385,0.149,0.158,0.1695,0.2725,0.429,0.847,1.289,1.682,2.014,2.287,2.507,2.691,2.838,3.081,3.3065,3.4425,3.563,3.5505
2013-09-06,0.0865,0.081,0.0825,0.088,0.09,0.094,0.098,0.1029,0.107,0.11313,0.121,0.126,0.139,0.149,0.152,0.246,0.395,0.797,1.2255,1.613,1.955,2.205,2.456,2.646,2.803,3.022,3.257,3.4785,3.535,3.6115
2013-09-09,0.0855,0.0845,0.084,0.0861,0.091,0.094,0.0975,0.102,0.1053,0.112,0.119,0.1239,0.135,0.143,0.1485,0.2313,0.368,0.747,1.17,1.559,1.897,2.181,2.412,2.605,2.766,3.0175,3.258,3.449,3.536,3.583
2013-09-10,0.0855,0.084,0.084,0.086,0.0901,0.092,0.0974,0.1018,0.1055,0.112,0.118,0.125,0.139,0.148,0.155,0.25,0.396,0.782,1.209,1.613,1.941,2.219,2.443,2.631,2.788,3.038,3.271,3.456,3.542,3.587
2013-09-11,0.0875,0.0875,0.088,0.0865,0.0898,0.0923,0.0957,0.1,0.1037,0.111,0.117,0.125,0.135,0.14375,0.1535,0.2452,0.391,0.783,1.222,1.621,1.962,2.235,2.469,2.658,2.817,3.064,3.302,3.492,3.577,3.6235
2013-09-12,0.086,0.086,0.084,0.086,0.0894,0.0908,0.095,0.099,0.102,0.1095,0.11625,0.1215,0.13,0.139,0.1473,0.2312,0.365,0.74,1.1595,1.546,1.877,2.15,2.381,2.568,2.725,2.9755,3.215,3.441,3.4955,3.568
2013-09-13,0.082,0.081,0.084,0.09,0.09,0.0935,0.097,0.1,0.104,0.109,0.116,0.12375,0.13,0.14,0.1465,0.234,0.368,0.757,1.18,1.564,1.893,2.177,2.392,2.578,2.734,2.996,3.233,3.415,3.509,3.559
2013-09-16,0.083,0.083,0.0815,0.0865,0.0895,0.093,0.096,0.1,0.105,0.10875,0.11375,0.11875,0.122,0.129,0.1375,0.2075,0.3235,0.68,1.084,1.461,1.796,2.083,2.318,2.511,2.677,2.9405,3.192,NaN,3.501,NaN
2013-09-17,0.081,0.0825,0.084,0.085,0.089,0.093,0.0975,0.10063,0.10438,0.107,0.112,0.117,0.123,0.13,0.135,0.2035,0.3225,0.673,1.092,1.481,1.815,2.099,2.331,2.525,2.6861,2.946,3.191,3.389,3.4875,3.536
2013-09-18,0.086,0.086,0.086,0.088,0.0925,0.096,0.098,0.103,0.107,0.1075,0.1125,0.122,0.12375,0.13,0.138,0.2075,0.327,0.696,1.1245,1.5215,1.854,2.128,2.355,2.543,2.698,2.949,3.1895,3.3855,3.477,3.529
2013-09-19,0.085,0.084,0.0835,0.0845,0.08562,0.093,0.095,0.098,0.1,0.09813,0.10313,0.114,0.11188,0.11813,0.1255,0.175,0.265,0.571,0.961,1.3405,1.673,1.96,2.198,2.398,2.566,2.8315,3.0945,3.313,3.422,3.482
2013-09-20,0.0835,0.086,0.085,0.089,0.093,0.097,0.101,0.104,0.106,0.107,0.10875,0.117,0.121,0.125,0.132,0.182,0.271,0.586,0.977,1.362,1.698,1.967,2.209,2.414,2.575,2.833,3.0855,3.319,3.405,3.479
2013-09-23,0.085,0.0835,0.086,0.0885,0.092,0.095,0.098,0.102,0.104,0.108,0.11,0.115,0.118,0.122,0.13,0.1775,0.263,0.566,0.948,1.327,1.662,1.941,2.177,2.377,2.541,2.8055,3.0575,3.2663,3.373,3.427
2013-09-24,0.085,0.0885,0.089,0.0895,0.0945,0.096,0.099,0.102,0.105,0.10688,0.111,0.115,0.12,0.124,0.12938,0.175,0.26,0.55,0.92,1.292,1.615,1.889,2.123,2.324,2.487,2.7495,3.001,3.263,3.31,3.4165
2013-09-25,0.085,0.087,0.0875,0.0905,0.0935,0.097,0.098,0.102,0.104,0.10625,0.11125,0.115,0.12,0.12375,0.131,0.174,0.256,0.543,0.909,1.2735,1.599,1.872,2.105,2.298,2.463,2.727,2.98,3.2,3.296,3.355
2013-09-26,0.0855,0.0905,0.089,0.0945,0.1,0.103,0.103,0.107,0.109,0.10938,0.11313,0.119,0.12063,0.12563,0.135,0.18,0.263,0.553,0.92,1.283,1.611,1.882,2.118,2.316,2.4783,2.744,3.0005,3.213,3.3195,3.377
2013-09-27,0.0915,0.094,0.089,0.095,0.1,0.10188,0.103,0.10563,0.108,0.1125,0.1165,0.11813,0.1235,0.129,0.13188,0.172,0.25,0.529,0.89,1.253,1.581,1.848,2.092,2.296,2.461,2.7165,2.9785,3.1875,3.308,3.3585
2013-09-30,0.088,0.088,0.0885,0.095,0.1,0.1025,0.1045,0.108,0.111,0.114,0.118,0.121,0.125,0.129,0.134,0.176,0.252,0.536,0.903,1.27,1.597,1.871,2.108,2.306,2.467,2.735,2.995,NaN,3.319,NaN
2013-10-01,0.0925,0.0925,0.091,0.09,0.0975,0.1,0.1,0.103,0.106,0.11,0.112,0.1155,0.119,0.123,0.1285,0.167,0.2435,0.5215,0.8905,1.26,1.589,1.869,2.102,2.302,2.466,2.7335,2.995,3.192,3.322,3.365
2013-10-02,0.0885,0.088,0.0875,0.0875,0.0925,0.095,0.097,0.1,0.103,0.106,0.11,0.1165,0.118,0.122,0.127,0.167,0.234,0.501,0.8695,1.239,1.564,1.846,2.077,2.285,2.45,2.718,2.978,3.192,3.311,3.353
2013-10-03,0.0945,0.0945,0.0945,0.093,0.097,0.0955,0.1,0.102,0.105,0.109,0.111,0.115,0.118,0.122,0.133,0.163,0.229,0.49,0.854,1.2165,1.545,1.828,2.064,2.268,2.437,2.711,2.9755,3.227,3.314,3.396
2013-10-04,0.097,0.097,0.0935,0.0975,0.0995,0.1,0.102,0.105,0.108,0.10938,0.11063,0.117,0.11813,0.12188,0.128,0.166,0.234,0.516,0.883,1.258,1.589,1.878,2.112,2.312,2.478,2.754,3.0165,3.235,3.3455,3.406
2013-10-07,0.1,0.1,0.099,0.1005,0.102,0.1,0.103,0.105,0.107,0.1095,0.10938,0.116,0.12,0.122,0.1285,0.163,0.231,0.499,0.858,1.2235,1.553,1.832,2.071,2.268,2.434,2.705,2.965,3.19,3.299,3.355
2013-10-08,0.1195,0.12,0.1245,0.118,0.1195,0.117,0.118,0.118,0.1225,0.124,0.1265,0.13,0.134,0.137,0.143,0.182,0.2595,0.532,0.893,1.254,1.576,1.849,2.079,2.273,2.438,2.7025,2.963,3.189,3.284,3.362
2013-10-09,0.1225,0.1225,0.121,0.119,0.118,0.114,0.113,0.113,0.115,0.116,0.118,0.123,0.1245,0.13,0.135,0.172,0.245,0.515,0.877,1.2445,1.567,1.853,2.083,2.287,2.454,2.723,2.987,3.175,3.3235,3.3505
2013-10-10,0.099,0.098,0.102,0.1005,0.101,0.1,0.102,0.10313,0.106,0.108,0.11313,0.116,0.12,0.124,0.129,0.174,0.253,0.536,0.9125,1.289,1.621,1.915,2.152,2.355,2.518,2.788,3.0465,3.276,3.376,3.447
2013-10-11,0.101,0.106,0.105,0.1,0.104,0.105,0.107,0.108,0.11,0.112,0.11375,0.121,0.1235,0.125,0.133,0.173,0.245,0.51,0.879,1.258,1.592,1.869,2.118,2.322,2.488,2.744,3.004,3.22,3.329,3.386
2013-10-14,0.1195,0.1195,0.115,0.1125,0.11,0.109,0.109,0.11,0.113,0.115,0.118,0.123,0.123,0.126,0.133,0.176,0.248,0.518,0.881,1.26,1.593,1.881,2.118,2.327,NaN,2.758,3.019,NaN,3.354,NaN
2013-10-15,0.1065,0.1055,0.103,0.1005,0.1025,0.1025,0.104,0.106,0.1115,0.113,0.117,0.121,0.124,0.12688,0.135,0.181,0.257,0.524,0.9005,1.281,1.618,1.909,2.149,2.356,2.522,2.791,3.053,3.276,3.384,3.446
2013-10-16,0.104,0.1165,0.112,0.098,0.097,0.0985,0.1,0.101,0.104,0.10688,0.112,0.117,0.121,0.126,0.132,0.1755,0.249,0.515,0.889,1.2755,1.607,1.895,2.136,2.345,2.5075,2.775,3.037,3.291,3.374,3.4705
2013-10-17,0.1,0.0985,0.0965,0.093,0.0945,0.093,0.097,0.099,0.102,0.11,0.10938,0.11313,0.1165,0.1215,0.128,0.167,0.233,0.48,0.835,1.197,1.524,1.805,2.042,2.247,2.412,2.685,2.9495,3.203,3.29,3.3795
2013-10-18,0.094,0.0905,0.0905,0.0885,0.088,0.09,0.093,0.096,0.1,0.103,0.107,0.112,0.116,0.1205,0.124,0.164,0.232,0.483,0.839,1.2005,1.525,1.811,2.036,2.24,2.403,2.683,2.943,3.172,3.277,3.344
2013-10-21,0.088,NaN,0.088,0.086,0.0885,0.08875,0.092,0.094,0.097,0.10125,0.105,0.109,0.113,0.118,0.124,0.1645,0.236,0.498,0.852,1.216,1.546,1.828,2.062,2.261,2.426,2.696,2.9565,3.183,3.296,3.359
2013-10-22,0.0865,0.0855,0.0845,0.085,0.085,0.088,0.09,0.092,0.096,0.1,0.103,0.10688,0.11188,0.1155,0.12,0.156,0.222,0.462,0.801,1.157,1.475,1.752,1.986,2.186,2.351,2.622,2.884,3.169,3.226,3.339
2013-10-23,0.085,0.0845,0.085,0.084,0.0825,0.084,0.087,0.089,0.092,0.096,0.1,0.104,0.106,0.111,0.117,0.158,0.223,0.451,0.7815,1.123,1.44,1.715,1.945,2.141,2.306,2.5785,2.8395,3.086,3.184,3.2655
2013-10-24,0.0845,0.0845,0.084,0.0845,0.085,0.08625,0.0875,0.092,0.095,0.0975,0.10125,0.106,0.11,0.11375,0.12,0.1615,0.229,0.47,0.815,1.162,1.478,1.75,1.979,2.179,2.342,2.6105,2.873,NaN,3.212,NaN
2013-10-25,0.0855,0.0865,0.087,0.0845,0.0855,0.08625,0.089,0.092,0.094,0.09625,0.1,0.105,0.10875,0.1125,0.118,0.157,0.222,0.46,0.7955,1.149,1.469,1.74,1.981,2.183,2.345,2.608,2.869,3.103,3.209,3.277
2013-10-28,0.085,0.0855,0.086,0.087,0.0855,0.088,0.09,0.092,0.094,0.1,0.10375,0.107,0.1095,0.116,0.119,0.16,0.2265,0.458,0.7925,1.143,1.462,1.74,1.974,2.178,2.3447,2.614,2.8715,3.1,3.2105,3.279
2013-10-29,0.087,0.086,0.0865,0.0865,0.086,0.088,0.09,0.092,0.095,0.09813,0.10188,0.10563,0.1105,0.113,0.119,0.15813,0.22313,0.452,0.781,1.134,1.4563,1.729,1.97,2.175,2.342,2.612,2.875,3.1041,3.218,3.285
2013-10-30,0.087,NaN,0.0865,0.087,0.08687,0.088,0.09,0.092,0.097,0.1,0.104,0.10688,0.109,0.113,0.118,0.154,0.213,0.435,0.762,1.107,1.428,1.706,1.943,2.15,2.317,2.593,2.855,3.089,3.206,3.276
2013-10-31,NaN,NaN,0.088,0.086,0.086,0.0875,0.09,0.0925,0.0955,0.098,0.102,0.105,0.108,0.112,0.1165,0.153,0.219,0.459,0.815,1.1765,1.5039,1.783,2.02,2.221,2.3853,2.655,2.913,3.137,3.249,3.316
2013-11-01,NaN,NaN,0.083,0.0845,0.085,0.086,0.088,0.091,0.093,0.09813,0.1015,0.104,0.10688,0.11063,0.114,0.152,0.221,0.48,0.8435,1.2165,1.555,1.84,2.079,2.282,2.449,2.7235,2.979,3.202,3.3135,3.377
2013-11-04,0.083,0.0825,0.083,0.084,0.0855,0.086,0.088,0.091,0.094,0.097,0.1,0.103,0.103,0.108,0.112,0.146,0.212,0.466,0.824,1.192,1.5287,1.809,2.057,2.256,2.427,2.6965,2.957,3.183,3.301,3.372
2013-11-05,0.0845,0.0845,0.083,0.084,0.084,0.086,0.088,0.091,0.095,0.09438,0.099,0.1025,0.106,0.11,0.114,0.15,0.218,0.471,0.8385,1.227,1.567,1.862,2.11,2.315,2.486,2.759,3.017,3.19,3.358,3.378
2013-11-06,0.083,0.083,0.083,0.084,0.085,0.086,0.088,0.09,0.093,0.093,0.095,0.101,0.103,0.106,0.111,0.141,0.197,0.427,0.7875,1.168,1.518,1.816,2.067,2.283,2.458,2.7425,3.014,NaN,3.369,NaN
2013-11-07,0.086,0.085,0.0855,0.085,0.085,0.087,0.088,0.09,0.092,0.093,0.09438,0.099,0.098,0.102,0.107,0.138,0.195,0.419,0.776,1.152,1.499,1.795,2.043,2.255,2.43,2.712,2.978,NaN,3.324,NaN
2013-11-08,0.085,0.0855,0.08,0.084,0.083,0.086,0.0865,0.089,0.0945,0.095,0.09438,0.101,0.102,0.106,0.1095,0.147,0.216,0.469,0.8505,1.249,1.614,1.914,2.176,2.386,2.559,2.833,3.098,3.3225,3.4365,3.507
2013-11-11,0.0795,0.077,0.077,0.083,0.085,0.086,0.088,0.09,0.093,0.093,0.095,0.101,0.102,0.105,0.11,0.145,0.212,0.47,0.839,1.244,1.608,1.857,2.109,2.316,2.558,2.771,3.016,NaN,3.315,NaN
2013-11-12,0.083,0.083,0.0835,0.087,0.08437,0.08812,0.089,0.09312,0.09562,0.09813,0.10063,0.10438,0.108,0.112,0.11438,0.151,0.223,0.486,0.8755,1.28,1.643,1.946,2.198,2.41,2.582,2.8595,3.121,NaN,3.458,NaN
2013-11-13,0.0835,0.083,0.0835,0.085,0.085,0.087,0.09,0.092,0.09437,0.0985,0.099,0.102,0.104,0.108,0.11,0.145,0.214,0.463,0.831,1.222,1.583,1.883,2.145,2.353,2.529,2.809,3.077,3.314,3.42,3.4925
2013-11-14,0.084,0.085,0.0835,0.084,0.083,0.085,0.088,0.089,0.091,0.092,0.094,0.096,0.099,0.102,0.104,0.136,0.197,0.427,0.785,1.17,1.528,1.837,2.089,2.303,2.482,2.7615,3.0285,3.298,3.379,3.462
2013-11-15,0.0825,0.0825,0.0815,0.085,0.08437,0.085,0.087,0.088,0.08875,0.0875,0.0875,0.094,0.0925,0.09625,0.102,0.131,0.193,0.425,0.781,1.165,1.518,1.83,2.07,2.283,2.459,2.7505,3.017,3.235,3.365,3.411
2013-11-18,0.0805,0.084,0.0815,0.085,0.086,0.088,0.089,0.089,0.089,0.093,0.09063,0.096,0.095,0.1005,0.099,0.129,0.188,0.419,0.7715,1.148,1.5,1.799,2.051,2.256,2.431,2.7065,2.971,NaN,3.3155,NaN
2013-11-19,0.0855,0.08575,0.0855,0.087,0.086,0.086,0.089,0.091,0.0925,0.093,0.097,0.099,0.101,0.104,0.105,0.134,0.195,0.423,0.77875,1.158,1.508,1.806,2.052,2.257,2.431,2.707,2.9735,3.189,3.3195,3.373
2013-11-20,0.0855,0.087,0.083,0.084,0.082,0.084,0.085,0.086,0.087,0.088,0.089,0.091,0.091,0.094,0.097,0.125,0.184,0.406,0.766,1.155,1.516,1.827,2.081,2.2905,2.47,2.752,3.024,3.257,3.376,3.449
2013-11-21,0.085,0.087,0.083,0.085,0.08375,0.083,0.083,0.083,0.083,0.085,0.085,0.086,0.09,0.09,0.092,0.117,0.173,0.399,0.769,1.171,1.542,1.867,2.129,2.341,2.522,2.807,3.078,3.335,3.4245,3.508
2013-11-22,0.086,0.086,0.079,0.085,0.084,0.082,0.085,0.084,0.084,0.085,0.086,0.088,0.09,0.093,0.095,0.12,0.181,0.416,0.779,1.177,1.544,1.864,2.112,2.339,2.504,2.782,3.05,3.275,3.39,3.454
2013-11-25,0.0795,0.0795,0.0795,0.086,0.085,0.086,0.086,0.086,0.087,0.0795,0.09,0.091,0.091,0.094,0.096,0.122,0.1825,0.417,0.77775,1.171,1.5387,1.852,2.111,2.317,2.496,2.774,3.045,3.274,3.3925,3.458
2013-11-26,0.08,0.08,0.097,0.088,0.0865,0.0855,0.088,0.088,0.089,0.091,0.091,0.093,0.093,0.094,0.097,0.1215,0.177,0.405,0.761,1.1535,1.515,1.819,2.075,2.289,2.457,2.733,3.001,3.236,3.343,3.419
2013-11-27,0.0915,0.092,0.088,0.087,0.087,0.088,0.089,0.09,0.091,0.093,0.092,0.093,0.095,0.097,0.098,0.121,0.175,0.423,0.799,1.203,1.571,1.887,2.141,2.36,2.525,2.802,3.061,3.2455,3.396,3.423
2013-11-28,0.089,0.089,0.088,0.086,0.088,0.088,0.0885,0.089,0.09,0.09,0.095,0.095,0.094,0.095,0.097,0.121,0.177,0.424,0.784,1.184,1.554,1.869,2.124,2.333,2.509,2.783,3.05,NaN,3.381,NaN
2013-11-29,0.087,0.087,0.088,0.084,0.086,0.086,0.087,0.087,0.089,0.09,0.092,0.093,0.092,0.094,0.097,0.122,0.181,0.429,0.793,1.194,1.565,1.877,2.136,2.357,2.527,2.7925,3.056,NaN,3.386,NaN
2013-12-02,0.08225,0.08425,0.088,0.085,0.086,0.087,0.088,0.0885,0.0905,0.092,0.093,0.094,0.096,0.097,0.098,0.1275,0.185,0.451,0.835,1.247,1.625,1.936,2.196,2.411,2.58,2.853,3.114,3.319,3.441,3.49
2013-12-03,0.08675,0.08725,0.0885,0.086,0.088,0.09,0.09187,0.09312,0.092,0.096,0.09438,0.098,0.099,0.1,0.102,0.124,0.183,0.435,0.808,1.215,1.5857,1.902,2.163,2.377,2.55,2.8235,3.087,3.312,3.4195,3.48
2013-12-04,0.09025,0.088,0.0895,0.085,0.0875,0.089,0.089,0.091,0.092,0.096,0.097,0.097,0.101,0.102,0.103,0.128,0.191,0.461,0.8525,1.264,1.641,1.96,2.218,2.44,2.61,2.8845,3.145,3.369,3.4735,3.533
2013-12-05,0.08875,0.0895,0.089,0.086,0.088,0.08937,0.09,0.091,0.092,0.092,0.093,0.094,0.09438,0.097,0.0995,0.126,0.187,0.461,0.8545,1.268,1.646,1.962,2.226,2.44,2.613,2.892,3.151,3.367,3.476,3.528
2013-12-06,NaN,0.091,0.092,0.0865,0.087,0.09,0.0905,0.092,0.094,0.094,0.095,0.098,0.098,0.099,0.1035,0.13,0.202,0.495,0.88625,1.294,1.664,1.98,2.227,2.442,2.61,2.896,3.156,3.377,3.476,3.535
2013-12-09,0.0905,0.0895,0.0885,0.087,0.086,0.0865,0.088,0.089,0.09,0.091,0.093,0.094,0.096,0.098,0.101,0.127,0.195,0.481,0.876,1.28,1.646,1.955,2.208,2.42,2.591,2.861,3.117,3.33,3.4315,3.489
2013-12-10,0.0905,0.091,0.0895,0.085,0.087,0.087,0.088,0.089,0.092,0.092,0.094,0.09562,0.097,0.099,0.102,0.127,0.193,0.471,0.862,1.264,1.6269,1.935,2.183,2.395,2.5651,2.833,3.0855,3.301,3.402,3.461
2013-12-11,0.091,0.091,0.088,0.084,0.086,0.086,0.08812,0.08937,0.091,0.093,0.095,0.096,0.0985,0.102,0.104,0.131,0.196,0.477,0.866,1.267,1.6255,1.932,2.184,2.391,2.5613,2.831,3.087,3.305,3.408,3.468
2013-12-12,0.0875,0.0865,0.0845,0.083,0.0845,0.085,0.086,0.089,0.09125,0.095,0.0975,0.1,0.103,0.1075,0.109,0.145,0.226,0.532,0.941,1.346,1.7032,2.01,2.258,2.465,2.634,2.8955,3.148,3.361,3.4575,3.513
2013-12-13,0.086,0.0855,0.078,0.081,0.085,0.087,0.089,0.092,0.095,0.09438,0.099,0.103,0.10313,0.1075,0.113,0.148,0.226,0.53,0.937,1.344,1.704,2.008,2.249,2.46,2.6233,2.893,3.1445,3.35,3.4545,3.497
2013-12-16,0.084,NaN,0.079,0.083,0.083,0.0865,0.088,0.09,0.09312,0.1,0.1,0.104,0.108,0.111,0.116,0.149,0.224,0.528,0.94,1.349,1.709,2.015,2.264,2.47,2.635,2.902,3.156,3.37,3.468,3.52
2013-12-17,0.086,0.081,0.081,0.081,0.083,0.09,0.088,0.093,0.095,0.097,0.098,0.102,0.1055,0.108,0.1105,0.1415,0.209,0.497,0.905,1.31,1.673,1.978,2.232,2.44,2.609,2.8845,3.144,3.3619,3.465,3.5148
2013-12-18,0.0865,0.0835,0.0865,0.0845,0.0875,0.0905,0.0915,0.093,0.0965,0.09,0.094,0.105,0.108,0.111,0.114,0.143,0.21,0.508,0.929,1.355,1.721,2.024,2.273,2.48,2.648,2.917,3.175,3.396,3.491,3.545
2013-12-19,0.092,0.089,0.0895,0.089,0.095,0.098,0.102,0.106,0.109,0.1125,0.11625,0.118,0.12175,0.1275,0.128,0.164,0.23875,0.554,0.993,1.4225,1.789,2.09,2.339,2.541,2.703,2.9635,3.2105,3.425,3.517,3.566
2013-12-20,NaN,0.0875,0.09,0.0865,0.089,0.093,0.096,0.102,0.103,0.109,0.113,0.114,0.1195,0.1245,0.129,0.167,0.251,0.578,1.022,1.441,1.796,2.077,2.316,2.507,2.664,2.932,3.178,3.37,3.477,3.511
2013-12-23,0.0765,0.0825,0.083,0.087,0.091,0.094,0.098,0.101,0.105,0.108,0.112,0.118,0.122,0.124,0.13,0.173,0.262,0.605,1.0395,1.454,1.8079,2.105,2.335,2.538,2.6908,2.941,3.188,3.3841,3.4705,3.5162
2013-12-24,0.085,0.089,0.086,0.087,0.091,0.095,0.098,0.102,0.106,0.11,0.1125,0.117,0.121,0.126,0.132,0.183,0.285,0.649,1.09575,1.517,1.874,2.17,2.407,2.602,2.761,3.0155,3.255,3.456,3.5435,3.589
2013-12-25,0.077,0.084,NaN,0.089,0.089,0.095,0.099,0.103,0.104,0.11,0.112,0.119,0.1195,0.1235,0.1375,0.183,0.286,0.656,1.089,1.511,1.873,2.17,2.406,2.601,2.761,3.008,3.256,NaN,3.542,NaN
2013-12-26,NaN,NaN,NaN,0.088,0.092,0.097,0.1,0.105,0.109,0.113,0.117,0.121,0.125,0.126,0.135,0.189,0.293,0.657,1.101,1.527,1.8827,2.175,2.414,2.611,2.7658,3.0215,3.267,3.4631,3.561,3.6023
2013-12-27,0.074,0.081,0.079,0.088,0.091,0.0915,0.099,0.1,0.104,0.111,0.115,0.116,0.124,0.128,0.129,0.179,0.277,0.64,1.09125,1.516,1.88,2.173,2.417,2.616,2.773,3.0285,3.273,3.493,3.576,3.637
2013-12-30,NaN,NaN,0.079,0.088,0.092,0.094,0.097,0.101,0.103,0.10875,0.1125,0.115,0.12125,0.121,0.127,0.173,0.2685,0.6215,1.068,1.495,1.855,2.152,2.387,2.587,2.7406,2.998,3.243,3.4438,3.5385,3.592
2013-12-31,0.086,0.086,0.088,0.088,0.091,0.093,0.096,0.099,0.102,0.106,0.111,0.114,0.118,0.123,0.13,0.178,0.277,0.634,1.084,1.515,1.872,2.182,2.413,2.624,2.783,3.047,3.294,3.465,3.594,3.613
