decision_date,effective_date,scheduled,regime,synthetic,source_url,retrieved_at
2008-09-18,2008-09-18,0,boj_fourteen,0,https://www.boj.or.jp/en/mopo/mpmsche_minu/minu_2008/g080918.pdf,2026-10-08
2008-09-29,2008-09-29,0,boj_fourteen,0,https://www.boj.or.jp/en/mopo/mpmsche_minu/minu_2008/g080929.pdf,2026-10-08
2008-10-14,2008-10-14,0,boj_fourteen,0,https://www.boj.or.jp/en/mopo/mpmsche_minu/minu_2008/g081014.pdf,2026-10-08
2008-12-02,2008-12-02,0,boj_fourteen,0,https://www.boj.or.jp/en/mopo/mpmsche_minu/minu_2008/g081202.pdf,2026-10-08
2009-12-01,2009-12-01,0,boj_fourteen,0,https://www.boj.or.jp/en/mopo/mpmsche_minu/minu_2009/g091201.pdf,2026-10-08
2010-05-10,2010-05-10,0,boj_fourteen,0,https://www.boj.or.jp/en/mopo/mpmsche_minu/minu_2010/g100510.pdf,2026-10-08
2010-08-30,2010-08-30,0,boj_fourteen,0,https://www.boj.or.jp/en/mopo/mpmsche_minu/minu_2010/g100830.pdf,2026-10-08
2011-11-30,2011-11-30,0,boj_fourteen,0,https://www.boj.or.jp/en/mopo/mpmsche_minu/minu_2011/g111130.pdf,2026-10-08
2020-05-22,2020-05-22,0,boj_eight,0,https://www.boj.or.jp/en/mopo/mpmsche_minu/minu_2020/g200522.htm,2026-10-08
