effective_date,anchor,rate,confidence,source_url,retrieved_at
2009-05-13,dfr,0.25,memory,https://www.ecb.europa.eu/stats/policy_and_exchange_rates/key_ecb_interest_rates/html/index.en.html,2026-10-08
2011-04-13,dfr,0.5,memory,https://www.ecb.europa.eu/stats/policy_and_exchange_rates/key_ecb_interest_rates/html/index.en.html,2026-10-08
2011-07-13,dfr,0.75,memory,https://www.ecb.europa.eu/stats/policy_and_exchange_rates/key_ecb_interest_rates/html/index.en.html,2026-10-08
2011-11-09,dfr,0.5,memory,https://www.ecb.europa.eu/stats/policy_and_exchange_rates/key_ecb_interest_rates/html/index.en.html,2026-10-08
2011-12-14,dfr,0.25,memory,https://www.ecb.europa.eu/stats/policy_and_exchange_rates/key_ecb_interest_rates/html/index.en.html,2026-10-08
2012-07-11,dfr,0.0,memory,https://www.ecb.europa.eu/stats/policy_and_exchange_rates/key_ecb_interest_rates/html/index.en.html,2026-10-08
2013-05-08,dfr,0.0,memory,https://www.ecb.europa.eu/stats/policy_and_exchange_rates/key_ecb_interest_rates/html/index.en.html,2026-10-08
2013-11-13,dfr,0.0,memory,https://www.ecb.europa.eu/stats/policy_and_exchange_rates/key_ecb_interest_rates/html/index.en.html,2026-10-08
2014-06-11,dfr,-0.1,memory,https://www.ecb.europa.eu/stats/policy_and_exchange_rates/key_ecb_interest_rates/html/index.en.html,2026-10-08
2014-09-10,dfr,-0.2,memory,https://www.ecb.europa.eu/stats/policy_and_exchange_rates/key_ecb_interest_rates/html/index.en.html,2026-10-08
2015-12-09,dfr,-0.3,memory,https://www.ecb.europa.eu/stats/policy_and_exchange_rates/key_ecb_interest_rates/html/index.en.html,2026-10-08
2016-03-16,dfr,-0.4,memory,https://www.ecb.europa.eu/stats/policy_and_exchange_rates/key_ecb_interest_rates/html/index.en.html,2026-10-08
2019-09-18,dfr,-0.5,primary,https://www.ecb.europa.eu/stats/policy_and_exchange_rates/key_ecb_interest_rates/html/index.en.html,2026-10-08
2022-07-27,dfr,0.0,primary,https://www.ecb.europa.eu/stats/policy_and_exchange_rates/key_ecb_interest_rates/html/index.en.html,2026-10-08
2022-09-14,dfr,0.75,primary,https://www.ecb.europa.eu/stats/policy_and_exchange_rates/key_ecb_interest_rates/html/index.en.html,2026-10-08
2022-11-02,dfr,1.5,primary,https://www.ecb.europa.eu/stats/policy_and_exchange_rates/key_ecb_interest_rates/html/index.en.html,2026-10-08
2022-12-21,dfr,2.0,primary,https://www.ecb.europa.eu/stats/policy_and_exchange_rates/key_ecb_interest_rates/html/index.en.html,2026-10-08
2023-02-08,dfr,2.5,primary,https://www.ecb.europa.eu/stats/policy_and_exchange_rates/key_ecb_interest_rates/html/index.en.html,2026-10-08
2023-03-22,dfr,3.0,primary,https://www.ecb.europa.eu/stats/policy_and_exchange_rates/key_ecb_interest_rates/html/index.en.html,2026-10-08
2023-05-10,dfr,3.25,primary,https://www.ecb.europa.eu/stats/policy_and_exchange_rates/key_ecb_interest_rates/html/index.en.html,2026-10-08
2023-06-21,dfr,3.5,primary,https://www.ecb.europa.eu/stats/policy_and_exchange_rates/key_ecb_interest_rates/html/index.en.html,2026-10-08
2023-08-02,dfr,3.75,primary,https://www.ecb.europa.eu/stats/policy_and_exchange_rates/key_ecb_interest_rates/html/index.en.html,2026-10-08
2023-09-20,dfr,4.0,primary,https://www.ecb.europa.eu/stats/policy_and_exchange_rates/key_ecb_interest_rates/html/index.en.html,2026-10-08
2024-06-12,dfr,3.75,primary,https://www.ecb.europa.eu/stats/policy_and_exchange_rates/key_ecb_interest_rates/html/index.en.html,2026-10-08
2024-09-18,dfr,3.5,primary,https://www.ecb.europa.eu/stats/policy_and_exchange_rates/key_ecb_interest_rates/html/index.en.html,2026-10-08
2024-10-23,dfr,3.25,primary,https://www.ecb.europa.eu/stats/policy_and_exchange_rates/key_ecb_interest_rates/html/index.en.html,2026-10-08
2024-12-18,dfr,3.0,primary,https://www.ecb.europa.eu/stats/policy_and_exchange_rates/key_ecb_interest_rates/html/index.en.html,2026-10-08
2025-02-05,dfr,2.75,primary,https://www.ecb.europa.eu/stats/policy_and_exchange_rates/key_ecb_interest_rates/html/index.en.html,2026-10-08
2025-03-12,dfr,2.5,primary,https://www.ecb.europa.eu/stats/policy_and_exchange_rates/key_ecb_interest_rates/html/index.en.html,2026-10-08
2025-04-23,dfr,2.25,primary,https://www.ecb.europa.eu/stats/policy_and_exchange_rates/key_ecb_interest_rates/html/index.en.html,2026-10-08
2025-06-11,dfr,2.0,primary,https://www.ecb.europa.eu/stats/policy_and_exchange_rates/key_ecb_interest_rates/html/index.en.html,2026-10-08
2026-06-17,dfr,2.25,primary,https://www.ecb.europa.eu/stats/policy_and_exchange_rates/key_ecb_interest_rates/html/index.en.html,2026-10-08
2009-05-13,mlf,1.75,memory,https://www.ecb.europa.eu/stats/policy_and_exchange_rates/key_ecb_interest_rates/html/index.en.html,2026-10-08
2011-04-13,mlf,2.0,memory,https://www.ecb.europa.eu/stats/policy_and_exchange_rates/key_ecb_interest_rates/html/index.en.html,2026-10-08
2011-07-13,mlf,2.25,memory,https://www.ecb.europa.eu/stats/policy_and_exchange_rates/key_ecb_interest_rates/html/index.en.html,2026-10-08
2011-11-09,mlf,2.0,memory,https://www.ecb.europa.eu/stats/policy_and_exchange_rates/key_ecb_interest_rates/html/index.en.html,2026-10-08
2011-12-14,mlf,1.75,memory,https://www.ecb.europa.eu/stats/policy_and_exchange_rates/key_ecb_interest_rates/html/index.en.html,2026-10-08
2012-07-11,mlf,1.5,memory,https://www.ecb.europa.eu/stats/policy_and_exchange_rates/key_ecb_interest_rates/html/index.en.html,2026-10-08
2013-05-08,mlf,1.0,memory,https://www.ecb.europa.eu/stats/policy_and_exchange_rates/key_ecb_interest_rates/html/index.en.html,2026-10-08
2013-11-13,mlf,0.75,memory,https://www.ecb.europa.eu/stats/policy_and_exchange_rates/key_ecb_interest_rates/html/index.en.html,2026-10-08
2014-06-11,mlf,0.4,memory,https://www.ecb.europa.eu/stats/policy_and_exchange_rates/key_ecb_interest_rates/html/index.en.html,2026-10-08
2014-09-10,mlf,0.3,memory,https://www.ecb.europa.eu/stats/policy_and_exchange_rates/key_ecb_interest_rates/html/index.en.html,2026-10-08
2015-12-09,mlf,0.3,memory,https://www.ecb.europa.eu/stats/policy_and_exchange_rates/key_ecb_interest_rates/html/index.en.html,2026-10-08
2016-03-16,mlf,0.25,memory,https://www.ecb.europa.eu/stats/policy_and_exchange_rates/key_ecb_interest_rates/html/index.en.html,2026-10-08
2019-09-18,mlf,0.25,primary,https://www.ecb.europa.eu/stats/policy_and_exchange_rates/key_ecb_interest_rates/html/index.en.html,2026-10-08
2022-07-27,mlf,0.75,primary,https://www.ecb.europa.eu/stats/policy_and_exchange_rates/key_ecb_interest_rates/html/index.en.html,2026-10-08
2022-09-14,mlf,1.5,primary,https://www.ecb.europa.eu/stats/policy_and_exchange_rates/key_ecb_interest_rates/html/index.en.html,2026-10-08
2022-11-02,mlf,2.25,primary,https://www.ecb.europa.eu/stats/policy_and_exchange_rates/key_ecb_interest_rates/html/index.en.html,2026-10-08
2022-12-21,mlf,2.75,primary,https://www.ecb.europa.eu/stats/policy_and_exchange_rates/key_ecb_interest_rates/html/index.en.html,2026-10-08
2023-02-08,mlf,3.25,primary,https://www.ecb.europa.eu/stats/policy_and_exchange_rates/key_ecb_interest_rates/html/index.en.html,2026-10-08
2023-03-22,mlf,3.75,primary,https://www.ecb.europa.eu/stats/policy_and_exchange_rates/key_ecb_interest_rates/html/index.en.html,2026-10-08
2023-05-10,mlf,4.0,primary,https://www.ecb.europa.eu/stats/policy_and_exchange_rates/key_ecb_interest_rates/html/index.en.html,2026-10-08
2023-06-21,mlf,4.25,primary,https://www.ecb.europa.eu/stats/policy_and_exchange_rates/key_ecb_interest_rates/html/index.en.html,2026-10-08
2023-08-02,mlf,4.5,primary,https://www.ecb.europa.eu/stats/policy_and_exchange_rates/key_ecb_interest_rates/html/index.en.html,2026-10-08
2023-09-20,mlf,4.75,primary,https://www.ecb.europa.eu/stats/policy_and_exchange_rates/key_ecb_interest_rates/html/index.en.html,2026-10-08
2024-06-12,mlf,4.5,primary,https://www.ecb.europa.eu/stats/policy_and_exchange_rates/key_ecb_interest_rates/html/index.en.html,2026-10-08
2024-09-18,mlf,3.9,primary,https://www.ecb.europa.eu/stats/policy_and_exchange_rates/key_ecb_interest_rates/html/index.en.html,2026-10-08
2024-10-23,mlf,3.65,primary,https://www.ecb.europa.eu/stats/policy_and_exchange_rates/key_ecb_interest_rates/html/index.en.html,2026-10-08
2024-12-18,mlf,3.4,primary,https://www.ecb.europa.eu/stats/policy_and_exchange_rates/key_ecb_interest_rates/html/index.en.html,2026-10-08
2025-02-05,mlf,3.15,primary,https://www.ecb.europa.eu/stats/policy_and_exchange_rates/key_ecb_interest_rates/html/index.en.html,2026-10-08
2025-03-12,mlf,2.9,primary,https://www.ecb.europa.eu/stats/policy_and_exchange_rates/key_ecb_interest_rates/html/index.en.html,2026-10-08
2025-04-23,mlf,2.65,primary,https://www.ecb.europa.eu/stats/policy_and_exchange_rates/key_ecb_interest_rates/html/index.en.html,2026-10-08
2025-06-11,mlf,2.4,primary,https://www.ecb.europa.eu/stats/policy_and_exchange_rates/key_ecb_interest_rates/html/index.en.html,2026-10-08
2026-06-17,mlf,2.65,primary,https://www.ecb.europa.eu/stats/policy_and_exchange_rates/key_ecb_interest_rates/html/index.en.html,2026-10-08
2009-05-13,mro,1.0,memory,https://www.ecb.europa.eu/stats/policy_and_exchange_rates/key_ecb_interest_rates/html/index.en.html,2026-10-08
2011-04-13,mro,1.25,memory,https://www.ecb.europa.eu/stats/policy_and_exchange_rates/key_ecb_interest_rates/html/index.en.html,2026-10-08
2011-07-13,mro,1.5,memory,https://www.ecb.europa.eu/stats/policy_and_exchange_rates/key_ecb_interest_rates/html/index.en.html,2026-10-08
2011-11-09,mro,1.25,memory,https://www.ecb.europa.eu/stats/policy_and_exchange_rates/key_ecb_interest_rates/html/index.en.html,2026-10-08
2011-12-14,mro,1.0,memory,https://www.ecb.europa.eu/stats/policy_and_exchange_rates/key_ecb_interest_rates/html/index.en.html,2026-10-08
2012-07-11,mro,0.75,memory,https://www.ecb.europa.eu/stats/policy_and_exchange_rates/key_ecb_interest_rates/html/index.en.html,2026-10-08
2013-05-08,mro,0.5,memory,https://www.ecb.europa.eu/stats/policy_and_exchange_rates/key_ecb_interest_rates/html/index.en.html,2026-10-08
2013-11-13,mro,0.25,memory,https://www.ecb.europa.eu/stats/policy_and_exchange_rates/key_ecb_interest_rates/html/index.en.html,2026-10-08
2014-06-11,mro,0.15,memory,https://www.ecb.europa.eu/stats/policy_and_exchange_rates/key_ecb_interest_rates/html/index.en.html,2026-10-08
2014-09-10,mro,0.05,memory,https://www.ecb.europa.eu/stats/policy_and_exchange_rates/key_ecb_interest_rates/html/index.en.html,2026-10-08
2015-12-09,mro,0.05,memory,https://www.ecb.europa.eu/stats/policy_and_exchange_rates/key_ecb_interest_rates/html/index.en.html,2026-10-08
2016-03-16,mro,0.0,memory,https://www.ecb.europa.eu/stats/policy_and_exchange_rates/key_ecb_interest_rates/html/index.en.html,2026-10-08
2019-09-18,mro,0.0,primary,https://www.ecb.europa.eu/stats/policy_and_exchange_rates/key_ecb_interest_rates/html/index.en.html,2026-10-08
2022-07-27,mro,0.5,primary,https://www.ecb.europa.eu/stats/policy_and_exchange_rates/key_ecb_interest_rates/html/index.en.html,2026-10-08
2022-09-14,mro,1.25,primary,https://www.ecb.europa.eu/stats/policy_and_exchange_rates/key_ecb_interest_rates/html/index.en.html,2026-10-08
2022-11-02,mro,2.0,primary,https://www.ecb.europa.eu/stats/policy_and_exchange_rates/key_ecb_interest_rates/html/index.en.html,2026-10-08
2022-12-21,mro,2.5,primary,https://www.ecb.europa.eu/stats/policy_and_exchange_rates/key_ecb_interest_rates/html/index.en.html,2026-10-08
2023-02-08,mro,3.0,primary,https://www.ecb.europa.eu/stats/policy_and_exchange_rates/key_ecb_interest_rates/html/index.en.html,2026-10-08
2023-03-22,mro,3.5,primary,https://www.ecb.europa.eu/stats/policy_and_exchange_rates/key_ecb_interest_rates/html/index.en.html,2026-10-08
2023-05-10,mro,3.75,primary,https://www.ecb.europa.eu/stats/policy_and_exchange_rates/key_ecb_interest_rates/html/index.en.html,2026-10-08
2023-06-21,mro,4.0,primary,https://www.ecb.europa.eu/stats/policy_and_exchange_rates/key_ecb_interest_rates/html/index.en.html,2026-10-08
2023-08-02,mro,4.25,primary,https://www.ecb.europa.eu/stats/policy_and_exchange_rates/key_ecb_interest_rates/html/index.en.html,2026-10-08
2023-09-20,mro,4.5,primary,https://www.ecb.europa.eu/stats/policy_and_exchange_rates/key_ecb_interest_rates/html/index.en.html,2026-10-08
2024-06-12,mro,4.25,primary,https://www.ecb.europa.eu/stats/policy_and_exchange_rates/key_ecb_interest_rates/html/index.en.html,2026-10-08
2024-09-18,mro,3.65,primary,https://www.ecb.europa.eu/stats/policy_and_exchange_rates/key_ecb_interest_rates/html/index.en.html,2026-10-08
2024-10-23,mro,3.4,primary,https://www.ecb.europa.eu/stats/policy_and_exchange_rates/key_ecb_interest_rates/html/index.en.html,2026-10-08
2024-12-18,mro,3.15,primary,https://www.ecb.europa.eu/stats/policy_and_exchange_rates/key_ecb_interest_rates/html/index.en.html,2026-10-08
2025-02-05,mro,2.9,primary,https://www.ecb.europa.eu/stats/policy_and_exchange_rates/key_ecb_interest_rates/html/index.en.html,2026-10-08
2025-03-12,mro,2.65,primary,https://www.ecb.europa.eu/stats/policy_and_exchange_rates/key_ecb_interest_rates/html/index.en.html,2026-10-08
2025-04-23,mro,2.4,primary,https://www.ecb.europa.eu/stats/policy_and_exchange_rates/key_ecb_interest_rates/html/index.en.html,2026-10-08
2025-06-11,mro,2.15,primary,https://www.ecb.europa.eu/stats/policy_and_exchange_rates/key_ecb_interest_rates/html/index.en.html,2026-10-08
2026-06-17,mro,2.4,primary,https://www.ecb.europa.eu/stats/policy_and_exchange_rates/key_ecb_interest_rates/html/index.en.html,2026-10-08
