decision_date,effective_date,parcel,effr_fut_fit,effr_ois_fit,basis_fit_bp,basis_replica_bp
,,stub,1.4157622803669097,1.533685447607078,-11.792,-56.732
2020-03-03,2020-03-04,1,1.104404,1.08011,2.429,5.024
2020-03-18,2020-03-19,2,0.793762,0.890807,-9.704,-10.062
2020-04-29,2020-04-30,3,0.677247,0.761346,-8.41,-7.901
2020-06-10,2020-06-11,4,0.602817,0.684358,-8.154,-8.266
2020-07-29,2020-07-30,5,0.555952,0.625298,-6.935,-6.4
2020-09-16,2020-09-17,6,0.505985,0.579059,-7.307,-7.501
2020-11-05,2020-11-06,7,0.493665,0.538483,-4.482,-5.269
2020-12-16,2020-12-17,8,0.462837,0.515088,-5.225,-4.723
2021-01-27,2021-01-28,9,0.445848,0.491826,-4.598,-4.256
2021-03-17,2021-03-18,10,0.461043,0.496244,-3.52,
2021-04-28,2021-04-29,11,0.464865,0.500657,-3.579,
2021-06-16,2021-06-17,12,0.484765,0.505063,-2.03,
2021-07-28,2021-07-29,13,0.491643,0.509463,-1.782,
2021-09-22,2021-09-23,14,0.495611,0.513014,-1.74,
2021-11-03,2021-11-04,15,0.495611,0.516572,-2.096,
2021-12-15,2021-12-16,16,0.495611,0.520138,-2.453,
2022-01-26,2022-01-27,17,0.495611,0.523711,-2.81,
2022-03-16,2022-03-17,18,0.495611,0.539666,-4.405,
2022-05-04,2022-05-05,19,0.495611,0.555615,-6.0,
2022-06-15,2022-06-16,20,0.495611,0.571555,-7.594,
2022-07-27,2022-07-28,21,0.495611,0.587484,-9.187,
2022-09-21,2022-09-22,22,0.495611,0.603401,-10.779,
2022-11-02,2022-11-03,23,0.495611,0.619307,-12.37,
2022-12-14,2022-12-15,24,0.495611,0.635203,-13.959,
2023-02-01,2023-02-02,25,0.495611,0.651095,-15.548,
