curve,parcel,start,end,identification,under_identified,posterior_sigma_bp,fitted_rate,step_bp,replica_rate,fit_minus_replica_bp,beyond_wirp_reach
effr_fut,stub,2020-03-03,2020-03-04,0.0044,True,0.028,1.415762,,1.022677,39.309,False
effr_fut,2020-03-03 (unscheduled),2020-03-04,2020-03-19,0.9956,False,0.01,1.104404,-31.136,1.130153,-2.575,False
effr_fut,2020-03-18,2020-03-19,2020-04-30,1.0,False,0.005,0.793762,-31.064,0.793849,-0.009,False
effr_fut,2020-04-29,2020-04-30,2020-06-11,1.0,False,0.005,0.677247,-11.652,0.678392,-0.114,False
effr_fut,2020-06-10,2020-06-11,2020-07-30,1.0,False,0.005,0.602817,-7.443,0.605542,-0.273,False
effr_fut,2020-07-29,2020-07-30,2020-09-17,1.0,False,0.004,0.555952,-4.686,0.554532,0.142,False
effr_fut,2020-09-16,2020-09-17,2020-11-06,1.0,False,0.005,0.505985,-4.997,0.505,0.099,False
effr_fut,2020-11-05,2020-11-06,2020-12-17,1.0,False,0.005,0.493665,-1.232,0.493,0.066,False
effr_fut,2020-12-16,2020-12-17,2021-01-28,1.0,False,0.005,0.462837,-3.083,0.466133,-0.33,False
effr_fut,2021-01-27,2021-01-28,2021-03-18,1.0,False,0.005,0.445848,-1.699,0.445,0.085,False
effr_fut,2021-03-17,2021-03-18,2021-04-29,1.0,False,0.006,0.461043,1.52,0.467143,-0.61,False
effr_fut,2021-04-28,2021-04-29,2021-06-17,1.0,False,0.01,0.464865,0.382,0.465,-0.013,False
effr_fut,2021-06-16,2021-06-17,2021-07-29,1.0,False,0.022,0.484765,1.99,0.486429,-0.166,False
effr_fut,2021-07-28,2021-07-29,2021-09-23,1.0,False,0.018,0.491643,0.688,0.49,0.164,False
effr_fut,2021-09-22,2021-09-23,2021-11-04,1.0,False,0.022,0.495611,0.397,0.495,0.061,False
effr_fut,2021-11-03,2021-11-04,2021-12-16,0.0,True,0.022,0.495611,0.0,,,True
effr_fut,2021-12-15,2021-12-16,2022-01-27,0.0,True,0.023,0.495611,0.0,,,True
effr_fut,2022-01-26,2022-01-27,2022-03-17,0.0,True,0.023,0.495611,0.0,,,True
effr_fut,2022-03-16,2022-03-17,2022-05-05,0.0,True,0.024,0.495611,0.0,,,True
effr_fut,2022-05-04,2022-05-05,2022-06-16,0.0,True,0.025,0.495611,0.0,,,True
effr_fut,2022-06-15,2022-06-16,2022-07-28,0.0,True,0.025,0.495611,0.0,,,True
effr_fut,2022-07-27,2022-07-28,2022-09-22,0.0,True,0.026,0.495611,0.0,,,True
effr_fut,2022-09-21,2022-09-22,2022-11-03,0.0,True,0.026,0.495611,0.0,,,True
effr_fut,2022-11-02,2022-11-03,2022-12-15,0.0,True,0.026,0.495611,0.0,,,True
effr_fut,2022-12-14,2022-12-15,2023-02-02,0.0,True,0.027,0.495611,0.0,,,True
effr_fut,2023-02-01,2023-02-02,2023-03-03,0.0,True,0.027,0.495611,0.0,,,True
effr_ois,stub,2020-03-03,2020-03-04,0.0,True,0.243,1.533685,,1.59,-5.631,False
effr_ois,2020-03-03 (unscheduled),2020-03-04,2020-03-19,1.0,False,0.004,1.08011,-45.358,1.079917,0.019,False
effr_ois,2020-03-18,2020-03-19,2020-04-30,1.0,False,0.006,0.890807,-18.93,0.894469,-0.366,False
effr_ois,2020-04-29,2020-04-30,2020-06-11,1.0,False,0.015,0.761346,-12.946,0.757402,0.394,False
effr_ois,2020-06-10,2020-06-11,2020-07-30,1.0,False,0.02,0.684358,-7.699,0.688203,-0.384,False
effr_ois,2020-07-29,2020-07-30,2020-09-17,1.0,False,0.028,0.625298,-5.906,0.618535,0.676,False
effr_ois,2020-09-16,2020-09-17,2020-11-06,1.0,False,0.034,0.579059,-4.624,0.580008,-0.095,False
effr_ois,2020-11-05,2020-11-06,2020-12-17,1.0,False,0.052,0.538483,-4.058,0.545685,-0.72,False
effr_ois,2020-12-16,2020-12-17,2021-01-28,1.0,False,0.068,0.515088,-2.339,0.513361,0.173,False
effr_ois,2021-01-27,2021-01-28,2021-03-18,1.0,False,0.08,0.491826,-2.326,0.487558,0.427,False
effr_ois,2021-03-17,2021-03-18,2021-04-29,0.2361,True,0.044,0.496244,0.442,,,True
effr_ois,2021-04-28,2021-04-29,2021-06-17,0.3214,True,0.019,0.500657,0.441,,,True
effr_ois,2021-06-16,2021-06-17,2021-07-29,0.2361,True,0.041,0.505063,0.441,,,True
effr_ois,2021-07-28,2021-07-29,2021-09-23,0.2352,True,0.081,0.509463,0.44,,,True
effr_ois,2021-09-22,2021-09-23,2021-11-04,0.2518,True,0.046,0.513014,0.355,,,True
effr_ois,2021-11-03,2021-11-04,2021-12-16,0.2518,True,0.026,0.516572,0.356,,,True
effr_ois,2021-12-15,2021-12-16,2022-01-27,0.2518,True,0.047,0.520138,0.357,,,True
effr_ois,2022-01-26,2022-01-27,2022-03-17,0.2207,True,0.087,0.523711,0.357,,,True
effr_ois,2022-03-16,2022-03-17,2022-05-05,0.1492,True,0.069,0.539666,1.595,,,True
effr_ois,2022-05-04,2022-05-05,2022-06-16,0.1096,True,0.055,0.555615,1.595,,,True
effr_ois,2022-06-15,2022-06-16,2022-07-28,0.1096,True,0.043,0.571555,1.594,,,True
effr_ois,2022-07-27,2022-07-28,2022-09-22,0.1948,True,0.033,0.587484,1.593,,,True
effr_ois,2022-09-21,2022-09-22,2022-11-03,0.1096,True,0.034,0.603401,1.592,,,True
effr_ois,2022-11-02,2022-11-03,2022-12-15,0.1096,True,0.053,0.619307,1.591,,,True
effr_ois,2022-12-14,2022-12-15,2023-02-02,0.1492,True,0.083,0.635203,1.59,,,True
effr_ois,2023-02-01,2023-02-02,2023-03-15,0.0636,True,0.12,0.651095,1.589,,,True
