date,FEDL01 Index|PX_LAST,US0003M Index|PX_LAST
2016-01-04,0.36,0.6117
2016-01-05,0.36,0.6171
2016-01-06,0.36,0.6201
2016-01-07,0.36,0.61685
2016-01-08,0.36,0.6211
2016-01-11,0.36,0.6221
2016-01-12,0.36,0.6236
2016-01-13,0.36,0.622
2016-01-14,0.36,0.6211
2016-01-15,0.36,0.6196
2016-01-18,NaN,0.6238
2016-01-19,0.36,0.6243
2016-01-20,0.37,0.6213
2016-01-21,0.37,0.6186
2016-01-22,0.38,0.6191
2016-01-25,0.38,0.6213
2016-01-26,0.38,0.6211
2016-01-27,0.38,0.6181
2016-01-28,0.38,0.6156
2016-01-29,0.29,0.6126
2016-02-01,0.38,0.6186
2016-02-02,0.38,0.6192
2016-02-03,0.38,0.6206
2016-02-04,0.38,0.6202
2016-02-05,0.38,0.6197
2016-02-08,0.38,0.621
2016-02-09,0.38,0.6205
2016-02-10,0.38,0.6176
2016-02-11,0.38,0.6172
2016-02-12,0.38,0.6182
2016-02-15,NaN,0.6182
2016-02-16,0.38,0.6182
2016-02-17,0.37,0.6194
2016-02-18,0.38,0.6182
2016-02-19,0.38,0.6182
2016-02-22,0.38,0.6246
2016-02-23,0.38,0.6291
2016-02-24,0.38,0.6346
2016-02-25,0.37,0.6356
2016-02-26,0.37,0.6351
2016-02-29,0.29,0.6331
2016-03-01,0.36,0.6316
2016-03-02,0.37,0.63485
2016-03-03,0.37,0.6356
2016-03-04,0.36,0.6335
2016-03-07,0.36,0.6361
2016-03-08,0.36,0.63515
2016-03-09,0.36,0.6346
2016-03-10,0.36,0.63235
2016-03-11,0.36,0.63385
2016-03-14,0.36,0.63955
2016-03-15,0.37,0.64195
2016-03-16,0.37,0.639
2016-03-17,0.37,0.6234
2016-03-18,0.37,0.6243
2016-03-21,0.37,0.6246
2016-03-22,0.37,0.62835
2016-03-23,0.37,0.6301
2016-03-24,0.37,0.6286
2016-03-25,0.37,NaN
2016-03-28,0.37,NaN
2016-03-29,0.37,0.63085
2016-03-30,0.37,0.6251
2016-03-31,0.25,0.6286
2016-04-01,0.37,0.6291
2016-04-04,0.37,0.6301
2016-04-05,0.37,0.6266
2016-04-06,0.37,0.6306
2016-04-07,0.37,0.6288
2016-04-08,0.37,0.6308
2016-04-11,0.37,0.62985
2016-04-12,0.37,0.6296
2016-04-13,0.37,0.62835
2016-04-14,0.37,0.63285
2016-04-15,0.37,0.6331
2016-04-18,0.37,0.63435
2016-04-19,0.37,0.63485
2016-04-20,0.37,0.6351
2016-04-21,0.37,0.6381
2016-04-22,0.37,0.63585
2016-04-25,0.37,0.63385
2016-04-26,0.37,0.63435
2016-04-27,0.37,0.63835
2016-04-28,0.37,0.6366
2016-04-29,0.3,0.6366
2016-05-02,0.37,NaN
2016-05-03,0.37,0.6329
2016-05-04,0.37,0.6341
2016-05-05,0.37,0.6318
2016-05-06,0.37,0.6296
2016-05-09,0.37,0.6296
2016-05-10,0.37,0.6281
2016-05-11,0.37,0.6266
2016-05-12,0.37,0.6261
2016-05-13,0.37,0.6276
2016-05-16,0.37,0.6261
2016-05-17,0.37,0.6251
2016-05-18,0.37,0.6356
2016-05-19,0.37,0.6539
2016-05-20,0.37,0.6613
2016-05-23,0.37,0.6623
2016-05-24,0.37,0.6653
2016-05-25,0.37,0.66655
2016-05-26,0.37,0.67405
2016-05-27,0.37,0.67305
2016-05-31,0.29,0.6858
2016-06-01,0.37,0.6813
2016-06-02,0.37,0.6801
2016-06-03,0.37,0.68215
2016-06-06,0.37,0.66065
2016-06-07,0.37,0.6566
2016-06-08,0.37,0.658
2016-06-09,0.37,0.65605
2016-06-10,0.37,0.6556
2016-06-13,0.37,0.6525
2016-06-14,0.37,0.6548
2016-06-15,0.37,0.65635
2016-06-16,0.38,0.6466
2016-06-17,0.38,0.6444
2016-06-20,0.38,0.6465
2016-06-21,0.38,0.64185
2016-06-22,0.38,0.6401
2016-06-23,0.39,0.6401
2016-06-24,0.4,0.6236
2016-06-27,0.41,0.6271
2016-06-28,0.41,0.6311
2016-06-29,0.41,0.6461
2016-06-30,0.3,0.6541
2016-07-01,0.41,0.65335
2016-07-04,NaN,0.65635
2016-07-05,0.4,0.6571
2016-07-06,0.4,0.6611
2016-07-07,0.4,0.6646
2016-07-08,0.4,0.6671
2016-07-11,0.4,0.6691
2016-07-12,0.4,0.67335
2016-07-13,0.4,0.6801
2016-07-14,0.4,0.6791
2016-07-15,0.4,0.68785
2016-07-18,0.4,0.6956
2016-07-19,0.4,0.6971
2016-07-20,0.4,0.7016
2016-07-21,0.4,0.7145
2016-07-22,0.4,0.721
2016-07-25,0.4,0.7335
2016-07-26,0.4,0.743
2016-07-27,0.4,0.7515
2016-07-28,0.4,0.7565
2016-07-29,0.3,0.7591
2016-08-01,0.4,0.7591
2016-08-02,0.4,0.7676
2016-08-03,0.4,0.7776
2016-08-04,0.4,0.7876
2016-08-05,0.4,0.79235
2016-08-08,0.4,0.8065
2016-08-09,0.4,0.816
2016-08-10,0.4,0.8176
2016-08-11,0.4,0.817
2016-08-12,0.4,0.81825
2016-08-15,0.4,0.80411
2016-08-16,0.4,0.80128
2016-08-17,0.4,0.81128
2016-08-18,0.4,0.811
2016-08-19,0.4,0.81711
2016-08-22,0.4,0.82544
2016-08-23,0.4,0.82544
2016-08-24,0.4,0.82544
2016-08-25,0.4,0.82933
2016-08-26,0.4,0.83344
2016-08-29,0.4,NaN
2016-08-30,0.4,0.84211
2016-08-31,0.3,0.83933
2016-09-01,0.4,0.83567
2016-09-02,0.4,0.83511
2016-09-05,NaN,0.83344
2016-09-06,0.4,0.84067
2016-09-07,0.4,0.83356
2016-09-08,0.4,0.84544
2016-09-09,0.4,0.85222
2016-09-12,0.4,0.85578
2016-09-13,0.4,0.85028
2016-09-14,0.4,0.85389
2016-09-15,0.4,0.85656
2016-09-16,0.4,0.85711
2016-09-19,0.4,0.86067
2016-09-20,0.4,0.86589
2016-09-21,0.4,0.86333
2016-09-22,0.4,0.85672
2016-09-23,0.4,0.85294
2016-09-26,0.4,0.85294
2016-09-27,0.4,0.85378
2016-09-28,0.4,0.83769
2016-09-29,0.4,0.84561
2016-09-30,0.29,0.85367
2016-10-03,0.4,0.85789
2016-10-04,0.4,0.86433
2016-10-05,0.4,0.86794
2016-10-06,0.4,0.87156
2016-10-07,0.4,0.87606
2016-10-10,NaN,0.87389
2016-10-11,0.41,0.8775
2016-10-12,0.41,0.88111
2016-10-13,0.41,0.88
2016-10-14,0.41,0.88167
2016-10-17,0.41,0.87761
2016-10-18,0.41,0.88122
2016-10-19,0.41,0.88067
2016-10-20,0.41,0.88178
2016-10-21,0.41,0.88178
2016-10-24,0.41,0.88372
2016-10-25,0.41,0.88567
2016-10-26,0.41,0.89039
2016-10-27,0.41,0.88733
2016-10-28,0.41,0.88594
2016-10-31,0.31,0.88428
2016-11-01,0.41,0.88094
2016-11-02,0.41,0.87567
2016-11-03,0.41,0.88094
2016-11-04,0.41,0.88261
2016-11-07,0.41,0.88678
2016-11-08,0.41,0.88233
2016-11-09,0.41,0.8865
2016-11-10,0.41,0.90206
2016-11-11,NaN,0.90567
2016-11-14,0.41,0.91122
2016-11-15,0.41,0.90622
2016-11-16,0.41,0.90872
2016-11-17,0.41,0.91122
2016-11-18,0.41,0.91622
2016-11-21,0.41,0.91983
2016-11-22,0.41,0.92483
2016-11-23,0.41,0.93011
2016-11-24,NaN,0.93706
2016-11-25,0.41,0.93733
2016-11-28,0.41,0.93511
2016-11-29,0.41,0.93067
2016-11-30,0.31,0.93417
2016-12-01,0.41,0.94167
2016-12-02,0.41,0.94639
2016-12-05,0.41,0.94806
2016-12-06,0.41,0.95083
2016-12-07,0.41,0.95083
2016-12-08,0.41,0.95306
2016-12-09,0.41,0.9565
2016-12-12,0.41,0.95872
2016-12-13,0.41,0.96344
2016-12-14,0.41,0.97039
2016-12-15,0.66,0.99317
2016-12-16,0.66,0.99733
2016-12-19,0.66,0.99428
2016-12-20,0.66,0.99622
2016-12-21,0.66,0.99761
2016-12-22,0.66,0.99706
2016-12-23,0.66,0.99706
2016-12-27,0.66,NaN
2016-12-28,0.66,0.99817
2016-12-29,0.66,0.99789
2016-12-30,0.55,0.99789
