curve,instrument,contract,ticker,start,end,quote,quote_rate,model_rate,residual_bp,loo_residual_bp,sigma_bp,open_interest,volume,liquidity_weight,stale,stale_run,weight,huber_weight,leverage,in_replica,status,reason,notes
effr_fut,ff_fut,2019-07,FFN19 Comdty,2019-07-01,2019-08-01,97.595,2.405,2.404675,0.032,0.35,0.5,299008.0,392.0,1.0,False,2.0,1.0,1.0,0.907,True,used,,
effr_fut,ff_fut,2019-08,FFQ19 Comdty,2019-08-01,2019-09-01,97.8925,2.1075,2.109585,-0.208,-0.887,0.5,579138.0,174357.0,1.0,False,1.0,1.0,1.0,0.765,True,used,,
effr_fut,ff_fut,2019-09,FFU19 Comdty,2019-09-01,2019-10-01,97.955,2.045,2.041531,0.347,0.531,0.5,170052.0,33325.0,1.0,False,1.0,1.0,1.0,0.347,True,used,,
effr_fut,ff_fut,2019-10,FFV19 Comdty,2019-10-01,2019-11-01,98.065,1.935,1.936436,-0.144,-1.286,0.5,344089.0,74987.0,1.0,False,1.0,1.0,1.0,0.888,True,used,,
effr_fut,ff_fut,2019-11,FFX19 Comdty,2019-11-01,2019-12-01,98.155,1.845,1.845986,-0.099,-1.253,0.5,209992.0,38891.0,1.0,False,1.0,1.0,1.0,0.921,True,used,,
effr_fut,ff_fut,2019-12,FFZ19 Comdty,2019-12-01,2020-01-01,98.215,1.785,1.782091,0.291,0.466,0.5,98709.0,11065.0,1.0,False,1.0,1.0,1.0,0.376,True,used,,
effr_fut,ff_fut,2020-01,FFF20 Comdty,2020-01-01,2020-02-01,98.26,1.74,1.742007,-0.201,-0.676,0.5,246420.0,29051.0,1.0,False,1.0,1.0,1.0,0.703,True,used,,
effr_fut,ff_fut,2020-02,FFG20 Comdty,2020-02-01,2020-03-01,98.33,1.67,1.670331,-0.033,-0.216,0.5,133351.0,19929.0,1.0,False,1.0,1.0,1.0,0.847,True,used,,
effr_fut,ff_fut,2020-03,FFH20 Comdty,2020-03-01,2020-04-01,98.355,1.645,1.643662,0.134,0.175,0.5,29620.0,6508.0,0.5924,False,1.0,0.5924,1.0,0.237,True,used,,
effr_fut,ff_fut,2020-04,FFJ20 Comdty,2020-04-01,2020-05-01,98.395,1.605,1.605344,-0.034,-0.405,0.5,92816.0,16900.0,1.0,False,1.0,1.0,1.0,0.915,True,used,,
effr_fut,ff_fut,2020-05,FFK20 Comdty,2020-05-01,2020-06-01,98.435,1.565,1.565021,-0.002,-0.055,0.5,47242.0,11314.0,0.9448,False,1.0,0.9448,1.0,0.962,True,used,,
effr_fut,ff_fut,2020-06,FFM20 Comdty,2020-06-01,2020-07-01,98.47,1.53,1.529799,0.02,0.03,0.5,16436.0,9376.0,0.4688,False,1.0,0.4688,1.0,0.322,True,used,,
effr_fut,ff_fut,2020-07,FFN20 Comdty,2020-07-01,2020-08-01,98.49,1.51,1.510119,-0.012,-0.042,0.5,28490.0,6347.0,0.5698,False,1.0,0.5698,1.0,0.717,True,used,,
effr_fut,ff_fut,2020-08,FFQ20 Comdty,2020-08-01,2020-09-01,98.52,1.48,1.480109,-0.011,-0.16,0.5,19443.0,5163.0,0.3889,False,1.0,0.3889,1.0,0.932,True,used,,
effr_fut,ff_fut,2020-09,FFU20 Comdty,2020-09-01,2020-10-01,98.54,1.46,1.459199,0.08,0.097,0.5,5522.0,1857.0,0.1104,False,1.0,0.1104,1.0,0.174,True,used,,
effr_fut,ff_fut,2020-10,FFV20 Comdty,2020-10-01,2020-11-01,98.565,1.435,1.435301,-0.03,-0.273,0.5,9226.0,3307.0,0.1845,False,1.0,0.1845,1.0,0.89,True,used,,
effr_fut,ff_fut,2020-11,FFX20 Comdty,2020-11-01,2020-12-01,98.58,1.42,1.419084,0.092,0.399,0.5,4477.0,1066.0,0.0895,False,1.0,0.0895,1.0,0.77,True,used,,
effr_fut,ff_fut,2020-12,FFZ20 Comdty,2020-12-01,2021-01-01,98.6,1.4,1.40107,-0.107,-0.247,0.5,4076.0,2466.0,0.1233,False,1.0,0.1233,1.0,0.566,True,used,,
effr_fut,ff_fut,2021-01,FFF21 Comdty,2021-01-01,2021-02-01,98.615,1.385,1.383544,0.146,0.44,0.5,947.0,301.0,0.05,False,1.0,0.05,1.0,0.669,True,used,,
effr_fut,ff_fut,2021-02,FFG21 Comdty,2021-02-01,2021-03-01,98.625,1.375,1.371586,0.341,1.705,0.5,600.0,7.0,0.05,False,1.0,0.05,1.0,0.8,True,used,,
effr_fut,ff_fut,2021-03,FFH21 Comdty,2021-03-01,2021-04-01,98.635,1.365,1.371581,-0.658,-1.009,0.5,27.0,,0.05,False,1.0,0.05,1.0,0.348,True,used,,
effr_fut,ff_fut,2021-04,FFJ21 Comdty,2021-04-01,2021-05-01,98.625,1.375,1.371818,0.318,2.072,0.5,52.0,,0.05,False,1.0,0.05,1.0,0.846,True,used,,
effr_fut,ff_fut,2021-05,FFK21 Comdty,2021-05-01,2021-06-01,98.625,1.375,1.37521,-0.021,-16.938,0.5,1.0,,0.05,False,1.0,0.05,1.0,0.999,True,used,,
effr_fut,ff_fut,2021-06,FFM21 Comdty,2021-06-01,2021-07-01,98.615,1.385,,,,,,,,False,1.0,,,,,excluded,"no open interest and no volume: a derived settlement price, not a quote",
effr_fut,ff_fut,2021-07,FFN21 Comdty,2021-07-01,2021-08-01,98.61,1.39,,,,,,,,False,1.0,,,,,excluded,"no open interest and no volume: a derived settlement price, not a quote",
effr_fut,ff_fut,2021-08,FFQ21 Comdty,2021-08-01,2021-09-01,98.61,1.39,,,,,,,,False,1.0,,,,,excluded,"no open interest and no volume: a derived settlement price, not a quote",
effr_fut,ff_fut,2021-09,FFU21 Comdty,2021-09-01,2021-10-01,98.605,1.395,,,,,,,,False,1.0,,,,,excluded,"no open interest and no volume: a derived settlement price, not a quote",
effr_fut,ff_fut,2021-11,FFX21 Comdty,2021-11-01,2021-12-01,98.595,1.405,,,,,,,,False,1.0,,,,,excluded,"no open interest and no volume: a derived settlement price, not a quote",
effr_fut,ff_fut,2021-12,FFZ21 Comdty,2021-12-01,2022-01-01,98.595,1.405,,,,,,,,False,1.0,,,,,excluded,"no open interest and no volume: a derived settlement price, not a quote",
effr_fut,ff_fut,2022-01,FFF22 Comdty,2022-01-01,2022-02-01,98.595,1.405,,,,,,,,False,1.0,,,,,excluded,"no open interest and no volume: a derived settlement price, not a quote",
effr_fut,ff_fut,2022-02,FFG22 Comdty,2022-02-01,2022-03-01,98.595,1.405,,,,,,,,False,1.0,,,,,excluded,"no open interest and no volume: a derived settlement price, not a quote",
effr_fut,ff_fut,2022-03,FFH22 Comdty,2022-03-01,2022-04-01,98.595,1.405,,,,,,,,False,1.0,,,,,excluded,"no open interest and no volume: a derived settlement price, not a quote","loader: FFH22 Comdty|PX_LAST quoted from 2019-03-29, modelled first listing 2019-04-01"
effr_fut,ff_fut,2022-04,FFJ22 Comdty,2022-04-01,2022-05-01,98.595,1.405,,,,,,,,False,1.0,,,,,excluded,"no open interest and no volume: a derived settlement price, not a quote","loader: FFJ22 Comdty|PX_LAST quoted from 2019-04-30, modelled first listing 2019-05-01"
effr_fut,ff_fut,2022-05,FFK22 Comdty,2022-05-01,2022-06-01,98.595,1.405,,,,,,,,False,1.0,,,,,excluded,"no open interest and no volume: a derived settlement price, not a quote","loader: FFK22 Comdty|PX_LAST quoted from 2019-05-31, modelled first listing 2019-06-03"
effr_fut,ff_fut,2022-06,FFM22 Comdty,2022-06-01,2022-07-01,98.595,1.405,,,,,,,,False,1.0,,,,,excluded,"no open interest and no volume: a derived settlement price, not a quote","loader: FFM22 Comdty|PX_LAST quoted from 2019-06-28, modelled first listing 2019-07-01"
effr_fut,ff_fut,2021-10,FFV21 Comdty,2021-10-01,2021-11-01,98.595,1.405,,,,,25.0,,,False,1.0,,,,,excluded,beyond the strip's reach (first contract without open interest or volume starts 2021-06-01),
effr_ois,ois_effr,1W,USSO1Z Curncy,2019-08-01,2019-08-08,2.1055,2.1055,2.109041,-0.354,-0.462,0.5,,,1.0,False,1.0,1.0,1.0,0.233,True,used,,
effr_ois,ois_effr,2W,USSO2Z Curncy,2019-08-01,2019-08-15,2.11,2.11,2.109474,0.053,0.069,0.5,,,1.0,False,1.0,1.0,1.0,0.234,False,used,,
effr_ois,ois_effr,3W,USSO3Z Curncy,2019-08-01,2019-08-22,2.11,2.11,2.109906,0.009,0.012,0.5,,,1.0,False,2.0,1.0,1.0,0.234,False,used,,
effr_ois,ois_effr,1M,USSOA Curncy,2019-08-01,2019-09-03,2.1125,2.1125,2.110634,0.187,0.244,0.5,,,1.0,False,1.0,1.0,1.0,0.234,True,used,,
effr_ois,ois_effr,2M,USSOB Curncy,2019-08-01,2019-10-01,2.0817,2.0817,2.079873,0.183,0.233,0.5,,,1.0,False,1.0,1.0,1.0,0.217,True,used,,
effr_ois,ois_effr,3M,USSOC Curncy,2019-08-01,2019-11-01,2.035,2.035,2.035798,-0.08,-0.5,0.5,,,1.0,False,1.0,1.0,1.0,0.84,True,used,,
effr_ois,ois_effr,4M,USSOD Curncy,2019-08-01,2019-12-02,1.989,1.989,1.989052,-0.005,-0.024,0.5,,,1.0,False,1.0,1.0,1.0,0.783,True,used,,
effr_ois,ois_effr,5M,USSOE Curncy,2019-08-01,2020-01-02,1.949,1.949,1.948856,0.014,0.024,0.5,,,1.0,False,1.0,1.0,1.0,0.41,True,used,,
effr_ois,ois_effr,6M,USSOF Curncy,2019-08-01,2020-02-03,1.915,1.915,1.915183,-0.018,-0.08,0.5,,,1.0,False,1.0,1.0,1.0,0.771,True,used,,
effr_ois,ois_effr,7M,USSOG Curncy,2019-08-01,2020-03-02,1.88678,1.88678,1.886481,0.03,0.068,0.5,,,1.0,False,1.0,1.0,1.0,0.56,True,used,,
effr_ois,ois_effr,8M,USSOH Curncy,2019-08-01,2020-04-01,1.85881,1.85881,1.859089,-0.028,-0.059,0.5,,,1.0,False,1.0,1.0,1.0,0.53,True,used,,
effr_ois,ois_effr,9M,USSOI Curncy,2019-08-01,2020-05-01,1.833,1.833,1.832946,0.005,0.066,0.5,,,1.0,False,1.0,1.0,1.0,0.919,True,used,,
effr_ois,ois_effr,10M,USSOJ Curncy,2019-08-01,2020-06-01,1.81,1.81,1.809872,0.013,0.044,0.5,,,1.0,False,1.0,1.0,1.0,0.712,True,used,,
effr_ois,ois_effr,11M,USSOK Curncy,2019-08-01,2020-07-01,1.788,1.788,1.788164,-0.016,-0.03,0.5,,,1.0,False,1.0,1.0,1.0,0.452,True,used,,
effr_ois,ois_effr,1Y,USSO1 Curncy,2019-08-01,2020-08-03,1.76631,1.76631,1.766235,0.007,0.063,0.5,,,1.0,False,1.0,1.0,1.0,0.88,True,used,,
effr_ois,ois_effr,18M,USSO1F Curncy,2019-08-01,2021-02-01,1.659,1.659,1.659005,-0.001,-0.235,0.5,,,1.0,False,1.0,1.0,1.0,0.998,False,used,,
effr_ois,ois_effr,2Y,USSO2 Curncy,2019-08-01,2021-08-02,1.59566,1.59566,1.595661,-0.0,-0.136,0.5,,,1.0,False,1.0,1.0,1.0,0.999,False,used,,
effr_ois,ois_effr,3Y,USSO3 Curncy,2019-08-01,2022-08-01,1.543,1.543,1.542999,0.0,0.965,0.5,,,1.0,False,1.0,1.0,1.0,1.0,False,used,,
effr_ois,ois_effr,4Y,USSO4 Curncy,,,,,,,,,,,,,,,,,,skipped,beyond the front end (3y; back end is M4),
effr_ois,ois_effr,5Y,USSO5 Curncy,,,,,,,,,,,,,,,,,,skipped,beyond the front end (3y; back end is M4),
effr_ois,ois_effr,6Y,USSO6 Curncy,,,,,,,,,,,,,,,,,,skipped,beyond the front end (3y; back end is M4),
effr_ois,ois_effr,7Y,USSO7 Curncy,,,,,,,,,,,,,,,,,,skipped,beyond the front end (3y; back end is M4),
effr_ois,ois_effr,8Y,USSO8 Curncy,,,,,,,,,,,,,,,,,,skipped,beyond the front end (3y; back end is M4),
effr_ois,ois_effr,9Y,USSO9 Curncy,,,,,,,,,,,,,,,,,,skipped,beyond the front end (3y; back end is M4),
effr_ois,ois_effr,10Y,USSO10 Curncy,,,,,,,,,,,,,,,,,,skipped,beyond the front end (3y; back end is M4),
effr_ois,ois_effr,12Y,USSO12 Curncy,,,,,,,,,,,,,,,,,,skipped,beyond the front end (3y; back end is M4),
effr_ois,ois_effr,15Y,USSO15 Curncy,,,,,,,,,,,,,,,,,,skipped,beyond the front end (3y; back end is M4),
effr_ois,ois_effr,20Y,USSO20 Curncy,,,,,,,,,,,,,,,,,,skipped,beyond the front end (3y; back end is M4),
effr_ois,ois_effr,25Y,USSO25 Curncy,,,,,,,,,,,,,,,,,,skipped,beyond the front end (3y; back end is M4),
effr_ois,ois_effr,30Y,USSO30 Curncy,,,,,,,,,,,,,,,,,,skipped,beyond the front end (3y; back end is M4),
