curve,decision_date,effective_date,scheduled,synthetic,unscheduled,current_implied,implied_rate,imp_rate_delta,n_moves,pct_move,step_bp,replica_rate,replica_delta,replica_n_moves,replica_pct_move,fit_minus_replica_bp,beyond_wirp_reach,implied_policy,cumulative_vs_target_bp,moves_vs_target,identification,under_identified,posterior_sigma_bp
effr_fut,2019-07-31,2019-08-01,True,False,False,2.422468,2.109585,-0.312884,-1.2515,-125.15,-31.288,2.1075,-0.32,-1.28,-128.0,0.208,False,2.094918,-28.008,-1.1203,1.0,False,0.004
effr_fut,2019-09-18,2019-09-19,True,False,False,2.422468,1.939451,-0.483018,-1.9321,-68.05,-17.013,1.95125,-0.47625,-1.905,-62.5,-1.18,False,1.924784,-45.022,-1.8009,1.0,False,0.005
effr_fut,2019-10-30,2019-10-31,True,False,False,2.422468,1.845986,-0.576483,-2.3059,-37.39,-9.347,1.845,-0.5825,-2.33,-42.5,0.099,False,1.831319,-54.368,-2.1747,1.0,False,0.005
effr_fut,2019-12-11,2019-12-12,True,False,False,2.422468,1.74695,-0.675519,-2.7021,-39.61,-9.904,1.752,-0.6755,-2.702,-37.2,-0.505,False,1.732283,-64.272,-2.5709,1.0,False,0.004
effr_fut,2020-01-29,2020-01-30,True,False,False,2.422468,1.670331,-0.752137,-3.0085,-30.65,-7.662,1.67,-0.7575,-3.03,-32.8,0.033,False,1.655665,-71.934,-2.8773,1.0,False,0.005
effr_fut,2020-03-18,2020-03-19,True,False,False,2.422468,1.606735,-0.815734,-3.2629,-25.44,-6.36,1.610385,-0.817115,-3.2685,-23.85,-0.365,False,1.592068,-78.293,-3.1317,1.0,False,0.005
effr_fut,2020-04-29,2020-04-30,True,False,False,2.422468,1.565021,-0.857448,-3.4298,-16.69,-4.171,1.565,-0.8625,-3.45,-18.15,0.002,False,1.550354,-82.465,-3.2986,1.0,False,0.005
effr_fut,2020-06-10,2020-06-11,True,False,False,2.422468,1.512188,-0.91028,-3.6411,-21.13,-5.283,1.5125,-0.915,-3.66,-21.0,-0.031,False,1.497522,-87.748,-3.5099,1.0,False,0.006
effr_fut,2020-07-29,2020-07-30,True,False,False,2.422468,1.48011,-0.942359,-3.7694,-12.83,-3.208,1.48,-0.9475,-3.79,-13.0,0.011,False,1.465443,-90.956,-3.6382,1.0,False,0.008
effr_fut,2020-09-16,2020-09-17,True,False,False,2.422468,1.435298,-0.987171,-3.9487,-17.92,-4.481,1.435,-0.9925,-3.97,-18.0,0.03,False,1.420631,-95.437,-3.8175,1.0,False,0.011
effr_fut,2020-11-05,2020-11-06,True,False,False,2.422468,1.415902,-1.006567,-4.0263,-7.76,-1.94,1.417,-1.0105,-4.042,-7.2,-0.11,False,1.401235,-97.376,-3.8951,1.0,False,0.018
effr_fut,2020-12-16,2020-12-17,True,False,False,2.422468,1.385126,-1.037342,-4.1494,-12.31,-3.078,1.381867,-1.045633,-4.1825,-14.05,0.326,False,1.37046,-100.454,-4.0182,1.0,False,0.021
effr_fut,2021-01-27,2021-01-28,True,False,False,2.422468,1.373504,-1.048965,-4.1959,-4.65,-1.162,1.375,-1.0525,-4.21,-2.75,-0.15,False,1.358837,-101.616,-4.0647,1.0,False,0.021
effr_fut,2021-03-17,2021-03-18,True,False,False,2.422468,1.361431,-1.061037,-4.2441,-4.83,-1.207,1.352857,-1.074643,-4.2986,-8.86,0.857,False,1.346765,-102.824,-4.1129,1.0,False,0.044
effr_fut,2021-04-28,2021-04-29,True,False,False,2.422468,1.544379,-0.87809,-3.5124,73.18,18.295,1.375,-1.0525,-4.21,8.86,16.938,False,1.529712,-84.529,-3.3812,1.0,False,0.634
effr_fut,2021-06-16,2021-06-17,True,False,False,2.422468,1.544379,-0.87809,-3.5124,0.0,0.0,,,,,,True,1.529712,-84.529,-3.3812,0.0,True,0.634
effr_fut,2021-07-28,2021-07-29,True,False,False,2.422468,1.544379,-0.87809,-3.5124,0.0,0.0,,,,,,True,1.529712,-84.529,-3.3812,0.0,True,0.634
effr_fut,2021-09-22,2021-09-23,True,False,False,2.422468,1.544379,-0.87809,-3.5124,0.0,0.0,,,,,,True,1.529712,-84.529,-3.3812,0.0,True,0.634
effr_fut,2021-11-03,2021-11-04,True,False,False,2.422468,1.544379,-0.87809,-3.5124,0.0,0.0,,,,,,True,1.529712,-84.529,-3.3812,0.0,True,0.634
effr_fut,2021-12-15,2021-12-16,True,False,False,2.422468,1.544379,-0.87809,-3.5124,0.0,0.0,,,,,,True,1.529712,-84.529,-3.3812,0.0,True,0.634
effr_fut,2022-01-26,2022-01-27,True,False,False,2.422468,1.544379,-0.87809,-3.5124,0.0,0.0,,,,,,True,1.529712,-84.529,-3.3812,0.0,True,0.634
effr_fut,2022-03-16,2022-03-17,True,False,False,2.422468,1.544379,-0.87809,-3.5124,0.0,0.0,,,,,,True,1.529712,-84.529,-3.3812,0.0,True,0.634
effr_fut,2022-05-04,2022-05-05,True,False,False,2.422468,1.544379,-0.87809,-3.5124,0.0,0.0,,,,,,True,1.529712,-84.529,-3.3812,0.0,True,0.634
effr_fut,2022-06-15,2022-06-16,True,False,False,2.422468,1.544379,-0.87809,-3.5124,0.0,0.0,,,,,,True,1.529712,-84.529,-3.3812,0.0,True,0.634
effr_fut,2022-07-27,2022-07-28,True,False,False,2.422468,1.544379,-0.87809,-3.5124,0.0,0.0,,,,,,True,1.529712,-84.529,-3.3812,0.0,True,0.634
effr_ois,2019-07-31,2019-08-01,True,False,False,2.373141,2.108724,-0.264417,-1.0577,-105.77,-26.442,2.110587,-0.289413,-1.1577,-115.77,-0.186,False,2.094057,-28.094,-1.1238,1.0,False,0.002
effr_ois,2019-09-18,2019-09-19,True,False,False,2.373141,1.944084,-0.429057,-1.7162,-65.86,-16.464,1.937638,-0.462362,-1.8494,-69.18,0.645,False,1.929417,-44.558,-1.7823,1.0,False,0.011
effr_ois,2019-10-30,2019-10-31,True,False,False,2.373141,1.839391,-0.53375,-2.135,-41.88,-10.469,1.8448,-0.5552,-2.2208,-37.14,-0.541,False,1.824724,-55.028,-2.2011,1.0,False,0.022
effr_ois,2019-12-11,2019-12-12,True,False,False,2.373141,1.745838,-0.627302,-2.5092,-37.42,-9.355,1.738754,-0.661246,-2.645,-42.42,0.708,False,1.731172,-64.383,-2.5753,1.0,False,0.026
effr_ois,2020-01-29,2020-01-30,True,False,False,2.373141,1.678188,-0.694953,-2.7798,-27.06,-6.765,1.689521,-0.710479,-2.8419,-19.69,-1.133,False,1.663521,-71.148,-2.8459,1.0,False,0.036
effr_ois,2020-03-18,2020-03-19,True,False,False,2.373141,1.599715,-0.773426,-3.0937,-31.39,-7.847,1.594158,-0.805842,-3.2234,-38.14,0.556,False,1.585048,-78.995,-3.1598,1.0,False,0.049
effr_ois,2020-04-29,2020-04-30,True,False,False,2.373141,1.582832,-0.790308,-3.1612,-6.75,-1.688,1.583325,-0.816675,-3.2667,-4.33,-0.049,False,1.568166,-80.683,-3.2273,1.0,False,0.056
effr_ois,2020-06-10,2020-06-11,True,False,False,2.373141,1.522875,-0.850266,-3.4011,-23.98,-5.996,1.519228,-0.880772,-3.5231,-25.64,0.365,False,1.508208,-86.679,-3.4672,1.0,False,0.06
effr_ois,2020-07-29,2020-07-30,True,False,False,2.373141,1.477377,-0.895764,-3.5831,-18.2,-4.55,,,,,,True,1.46271,-91.229,-3.6492,1.0,False,0.283
effr_ois,2020-09-16,2020-09-17,True,False,False,2.373141,1.450641,-0.922499,-3.69,-10.69,-2.674,,,,,,True,1.435975,-93.903,-3.7561,0.4197,True,0.097
effr_ois,2020-11-05,2020-11-06,True,False,False,2.373141,1.423918,-0.949223,-3.7969,-10.69,-2.672,,,,,,True,1.409251,-96.575,-3.863,0.2822,True,0.095
effr_ois,2020-12-16,2020-12-17,True,False,False,2.373141,1.39721,-0.975931,-3.9037,-10.68,-2.671,,,,,,True,1.382543,-99.246,-3.9698,0.2961,True,0.281
effr_ois,2021-01-27,2021-01-28,True,False,False,2.373141,1.370513,-1.002627,-4.0105,-10.68,-2.67,,,,,,True,1.355847,-101.915,-4.0766,0.2556,True,0.468
effr_ois,2021-03-17,2021-03-18,True,False,False,2.373141,1.379364,-0.993777,-3.9751,3.54,0.885,,,,,,True,1.364697,-101.03,-4.0412,0.2216,True,0.168
effr_ois,2021-04-28,2021-04-29,True,False,False,2.373141,1.388216,-0.984925,-3.9397,3.54,0.885,,,,,,True,1.373549,-100.145,-4.0058,0.3016,True,0.139
effr_ois,2021-06-16,2021-06-17,True,False,False,2.373141,1.397069,-0.976071,-3.9043,3.54,0.885,,,,,,True,1.382402,-99.26,-3.9704,0.2216,True,0.438
effr_ois,2021-07-28,2021-07-29,True,False,False,2.373141,1.405924,-0.967217,-3.8689,3.54,0.885,,,,,,True,1.391257,-98.374,-3.935,0.1669,True,0.74
effr_ois,2021-09-22,2021-09-23,True,False,False,2.373141,1.41126,-0.961881,-3.8475,2.13,0.534,,,,,,True,1.396593,-97.841,-3.9136,0.108,True,0.528
effr_ois,2021-11-03,2021-11-04,True,False,False,2.373141,1.416593,-0.956547,-3.8262,2.13,0.533,,,,,,True,1.401927,-97.307,-3.8923,0.108,True,0.317
effr_ois,2021-12-15,2021-12-16,True,False,False,2.373141,1.421923,-0.951217,-3.8049,2.13,0.533,,,,,,True,1.407257,-96.774,-3.871,0.108,True,0.109
effr_ois,2022-01-26,2022-01-27,True,False,False,2.373141,1.427249,-0.945891,-3.7836,2.13,0.533,,,,,,True,1.412582,-96.242,-3.8497,0.147,True,0.112
effr_ois,2022-03-16,2022-03-17,True,False,False,2.373141,1.43257,-0.940571,-3.7623,2.13,0.532,,,,,,True,1.417903,-95.71,-3.8284,0.147,True,0.321
effr_ois,2022-05-04,2022-05-05,True,False,False,2.373141,1.437886,-0.935254,-3.741,2.13,0.532,,,,,,True,1.42322,-95.178,-3.8071,0.108,True,0.533
effr_ois,2022-06-15,2022-06-16,True,False,False,2.373141,1.443199,-0.929942,-3.7198,2.13,0.531,,,,,,True,1.428532,-94.647,-3.7859,0.108,True,0.746
effr_ois,2022-07-27,2022-07-28,True,False,False,2.373141,1.44851,-0.924631,-3.6985,2.12,0.531,,,,,,True,1.433843,-94.116,-3.7646,0.001,True,0.959
