date,USOSFR1Z Curncy|PX_LAST,USOSFR2Z Curncy|PX_LAST,USOSFR3Z Curncy|PX_LAST,USOSFRA Curncy|PX_LAST,USOSFRB Curncy|PX_LAST,USOSFRC Curncy|PX_LAST,USOSFRD Curncy|PX_LAST,USOSFRE Curncy|PX_LAST,USOSFRF Curncy|PX_LAST,USOSFRG Curncy|PX_LAST,USOSFRH Curncy|PX_LAST,USOSFRI Curncy|PX_LAST,USOSFRJ Curncy|PX_LAST,USOSFRK Curncy|PX_LAST,USOSFR1 Curncy|PX_LAST,USOSFR1F Curncy|PX_LAST,USOSFR2 Curncy|PX_LAST,USOSFR3 Curncy|PX_LAST,USOSFR4 Curncy|PX_LAST,USOSFR5 Curncy|PX_LAST,USOSFR6 Curncy|PX_LAST,USOSFR7 Curncy|PX_LAST,USOSFR8 Curncy|PX_LAST,USOSFR9 Curncy|PX_LAST,USOSFR10 Curncy|PX_LAST,USOSFR12 Curncy|PX_LAST,USOSFR15 Curncy|PX_LAST,USOSFR20 Curncy|PX_LAST,USOSFR25 Curncy|PX_LAST,USOSFR30 Curncy|PX_LAST
2018-11-28,NaN,2.2081,NaN,NaN,NaN,NaN,NaN,2.4319,NaN,2.4808,NaN,2.5279,2.5475,2.5667,NaN,2.6307,NaN,NaN,2.689,NaN,2.7446,2.7511,2.739,2.762,NaN,NaN,2.849,2.861,2.8855,NaN
2018-11-29,NaN,2.2139,NaN,NaN,NaN,NaN,NaN,2.4351,NaN,2.4797,NaN,2.52,2.5372,2.555,NaN,2.6158,NaN,NaN,2.6451,NaN,2.7379,2.689,2.7588,2.728,NaN,NaN,2.817,2.827,2.8836,NaN
2018-11-30,NaN,2.2016,NaN,NaN,NaN,NaN,NaN,2.426,NaN,2.4789,NaN,2.5227,2.54,2.557,NaN,2.613,NaN,NaN,2.6372,NaN,2.6338,2.6508,2.6598,2.6877,NaN,NaN,2.7705,2.7998,2.7949,NaN
2018-12-03,NaN,2.211,NaN,NaN,NaN,NaN,NaN,2.442,NaN,2.488,NaN,2.53,2.55,2.568,NaN,2.6395,NaN,NaN,2.7005,NaN,2.7005,2.711,2.724,2.7485,NaN,NaN,2.8225,2.834,2.823,NaN
2018-12-04,NaN,2.2045,NaN,NaN,NaN,NaN,NaN,2.4337,NaN,2.4823,NaN,2.5248,2.5431,2.5596,NaN,2.6179,NaN,NaN,2.623,NaN,2.6341,2.6502,2.618,2.6879,NaN,NaN,2.7705,2.704,2.7946,NaN
2018-12-05,NaN,2.3742,NaN,NaN,NaN,NaN,NaN,2.4453,NaN,2.4873,NaN,2.5277,2.5428,2.5584,NaN,2.6055,NaN,NaN,2.6244,NaN,2.6352,2.651,2.6609,2.6887,NaN,NaN,2.7709,2.8003,2.7954,NaN
2018-12-06,NaN,2.2596,NaN,2.33545,NaN,NaN,NaN,2.4194,NaN,2.4561,NaN,2.4903,2.5041,2.518,NaN,2.5545,NaN,NaN,2.6201,NaN,2.541,2.6484,2.6586,2.581,NaN,NaN,2.7696,2.7992,2.7942,2.6355
2018-12-07,NaN,2.2765,NaN,2.34105,NaN,NaN,NaN,2.4116,NaN,2.442,NaN,2.4743,2.486,2.499,NaN,2.5271,NaN,NaN,2.488,NaN,2.489,2.501,2.658,2.6861,NaN,NaN,2.7694,2.7989,2.7943,2.7762
2018-12-10,NaN,2.2745,NaN,2.3341,NaN,NaN,NaN,2.4034,NaN,2.4329,NaN,2.4633,2.4773,2.4881,NaN,2.5129,NaN,NaN,2.6217,NaN,2.489,2.6494,2.6594,2.6874,NaN,NaN,2.7702,2.7995,2.7943,2.6045
2018-12-11,2.1996,2.2912,2.3249,2.3524,2.3698,2.3823,2.4025,2.4181,2.4329,2.4518,2.4678,2.4828,2.4973,2.5092,2.5204,2.5351,2.5295,2.4994,2.6221,2.624,2.499,2.6496,2.6596,2.6876,2.56,2.736,2.7702,2.7996,2.7946,2.5865
2018-12-12,2.2278,2.3077,2.3376,2.3565,2.3778,2.3895,2.4148,2.4349,2.4521,2.4732,2.4921,2.5104,2.5258,2.5401,2.5536,2.5772,2.5795,2.561,2.556,2.55,2.6344,2.6504,2.58,2.601,2.618,2.7365,2.7705,2.675,2.7953,2.7769
2018-12-13,2.3066,2.3472,2.3639,2.37345,2.3875,2.3949,2.4197,2.4396,2.4559,2.4757,2.4953,2.5104,2.5256,2.54,2.5516,2.5711,2.5707,2.5468,2.6201,2.6223,2.6322,2.6484,2.6586,2.603,2.624,2.7351,2.7695,2.7992,2.7945,2.6505
2018-12-14,2.3433,2.3658,2.371,2.377,2.387,2.3937,2.428,2.4348,2.4485,2.4675,2.488,2.5009,2.518,2.531,2.542,2.5552,2.5518,2.5243,2.52,2.622,2.6319,2.537,2.6583,2.6864,2.597,2.629,2.7696,2.799,2.7944,2.6285
2018-12-17,2.3596,2.3759,2.3788,2.40075,2.3889,2.3943,2.4152,2.4314,2.4436,2.4609,2.4769,2.4908,2.5048,2.5159,2.526,2.5375,2.5325,2.5033,2.493,2.6239,2.499,2.509,2.526,2.6875,2.569,2.601,2.7702,2.64,2.795,2.7766
2018-12-18,2.3763,2.3811,2.3803,2.3908,2.3865,2.3917,2.407,2.4179,2.4279,2.4433,2.4558,2.4675,2.4788,2.4885,2.4969,2.4986,2.4878,2.4583,2.6211,2.6232,2.633,2.6491,2.6591,2.6871,2.7065,2.7356,2.7698,2.7994,2.7948,2.7765
2018-12-19,2.374,2.3788,2.3779,2.3779,2.3842,2.3892,2.4023,2.4125,2.4216,2.4352,2.4477,2.4601,2.4702,2.4804,2.4897,2.4968,2.4889,2.4574,2.621,2.451,2.458,2.649,2.487,2.687,2.533,2.561,2.7698,2.589,2.7947,2.5555
2018-12-20,2.405,2.4099,2.409,2.40885,2.4111,2.4154,2.4295,2.4411,2.4514,2.4642,2.4768,2.4869,2.497,2.5072,2.5153,2.5154,2.4936,2.4428,2.6174,2.6201,2.6304,2.6468,2.6571,2.473,2.7049,2.734,2.7686,2.7985,2.794,2.546
2018-12-21,2.411,2.4073,2.4064,2.4109,2.4058,2.4092,2.422,2.4331,2.4417,2.4522,2.4646,2.4756,2.4843,2.4924,2.4991,2.4886,2.4651,2.4215,2.6153,2.431,2.443,2.458,2.6561,2.498,2.517,2.549,2.574,2.798,2.7935,2.599
2018-12-24,2.4108,2.4071,2.4062,2.4098,2.4027,2.4044,2.4132,2.4211,2.4276,2.4342,2.4419,2.4491,2.4541,2.4594,2.4627,2.4394,2.4105,2.365,2.357,2.6202,2.366,2.386,2.405,2.6853,2.7049,2.7343,2.515,2.526,2.7939,2.7758
2018-12-25,2.733,2.7295,2.7288,2.7289,2.1478,2.4044,2.1201,2.1837,2.2305,2.2663,2.2943,2.3183,2.3333,2.3489,2.36,2.3688,2.3551,2.3203,2.6219,2.6232,2.6333,2.6492,2.6592,2.6872,2.7067,2.7358,2.77,2.7994,2.7946,2.7765
2018-12-26,2.4117,2.408,2.4071,2.407,2.4025,2.4037,2.4102,2.416,2.4219,2.4298,2.4382,2.4461,2.4507,2.4562,2.4591,2.4302,2.3977,2.3533,2.6188,2.6213,2.6314,2.6477,2.6579,2.686,2.7055,2.7349,2.7692,2.7988,2.794,2.555
2018-12-27,2.4114,2.4077,2.4067,2.4166,2.4058,2.4077,2.4113,2.4168,2.4215,2.4284,2.4357,2.4419,2.4465,2.4509,2.4536,2.4258,2.3956,2.3543,2.6156,2.6187,2.6292,2.6458,2.426,2.6845,2.473,2.7339,2.7685,2.798,2.7931,2.7754
2018-12-28,2.3982,2.3988,2.3993,2.3911,2.4051,2.4096,2.4151,2.4211,2.4258,2.4314,2.4365,2.4406,2.4438,2.4458,2.4464,2.4085,2.3686,2.3162,2.6133,2.319,2.6276,2.6444,2.6549,2.411,2.7031,2.7328,2.7675,2.518,2.793,2.56
2018-12-31,2.4039,2.4044,2.405,2.4098,2.4074,2.4121,2.4162,2.4208,2.4258,2.4317,2.436,2.4398,2.4424,2.4445,2.445,2.412,2.3654,2.3073,2.288,2.6193,2.307,2.6462,2.358,2.393,2.7044,2.7338,2.7684,2.509,2.7936,2.49
